title,permalink,body,published_at,filter,categories,tags,jenis,brand,description,image,image1,image2,image3,image4,image5,product,price,hargajual,profit,sku,kondisi
Jual Dompet / Clutch Casual Wanita - TB 008 Murah,dompet-clutch-casual-wanita-tb-008,"
     <div class=""product-details""><!--product-details-->
      <div class=""col-sm-5"">
       <div class=""view-product"">
        <img src=""{{ page.image }}"" alt=""{{ page.product }}"" title=""{{ page.product }}"" />
        <h3><a style=""text-decoration: none; color: #ffffff"" href=""{{ page.image }}"" target=""_blank"" title=""Klik disini untuk memperbesar"">ZOOM</a></h3>
       </div>
      </div>

      <div class=""col-sm-7"">
       <div class=""product-information""><!--/product-information-->
        <h1>{{ page.product }}</h1>
        <p>SKU: {{ page.sku }}</p>
        <img src=""{{ site.url }}/img/rating.png"" alt=""rating"" title=""rating"" /><br>
        <span>
         <span>{{ page.price }}</span>        
         <label>Stok:<a href=""http://stok.lipatan.com"" target=""_blank"" title=""Cek Stok"">
          <script type=""text/javascript"">
          <!--
          document.write(unescape('%3c%62%75%74%74%6f%6e%20%74%79%70%65%3d%22%62%75%74%74%6f%6e%22%20%63%6c%61%73%73%3d%22%62%74%6e%20%62%74%6e%2d%66%65%66%61%75%6c%74%20%63%61%72%74%22%3e%09%09%09%09%09%09%09%09%09%09%3c%69%20%63%6c%61%73%73%3d%22%66%61%20%66%61%2d%73%68%6f%70%70%69%6e%67%2d%63%61%72%74%22%3e%3c%2f%69%3e%09%09%09%09%09%09%09%09%09%09%43%65%6b%20%53%74%6f%6b%3c%2f%62%75%74%74%6f%6e%3e'));
          //-->
          </script>
          </a>
         </label>
        </span>
        <p><i style=""background-color: #f0ad4e; color: #ffffff; padding: 5px; margin-bottom: 3px; text-align: center; display: inline-block; box-shadow: 0 1px 3px rgba(0,0,0,0.12), 0 1px 2px rgba(0,0,0,0.24);""> Harga Beli : {{ page.price }} </i>  <i style=""background-color: #5bc0de; color: #ffffff; padding: 5px; margin-bottom: 3px; text-align: center; display: inline-block; box-shadow: 0 1px 3px rgba(0,0,0,0.12), 0 1px 2px rgba(0,0,0,0.24);""> Harga Jual : {{ page.hargajual }} </i>  <i style=""background-color: #5cb85c; color: #ffffff; padding: 5px; margin-bottom: 3px; text-align: center; display: inline-block; box-shadow: 0 1px 3px rgba(0,0,0,0.12), 0 1px 2px rgba(0,0,0,0.24);""> Keuntungan : {{ page.profit }} </i></p>        
        <p><b>Kondisi:</b> {{ page.kondisi }}</p>
        <p><b>Deskripsi:</b> {{ page.description }}</p>
        {% include buy.html %}
       </div><!--/product-information-->
      </div>
     </div><!--/product-details-->
     
     <div class=""category-tab shop-details-tab""><!--category-tab-->
      <div class=""col-sm-12"">
       <ul class=""nav nav-tabs"">
        <li class=""active""><a href=""{{ site.url }}{{ page.url }}#keterangan"" data-toggle=""tab"" title=""Keterangan"">Keterangan</a></li>        
       </ul>
      </div>
      <div class=""tab-content"">
       <div class=""tab-pane fade active in"" id=""keterangan"" >
        <div class=""col-sm-12"">
         <h2>{{ page.product }}</h2>         
         <ol class=""breadcrumb"">
            <li class=""active"">Tag :</li>
            <li><a href=""{{ site.url }}/{{ page.jenis }}"" title=""{{ page.jenis }}"">{{ page.jenis }}</a></li>
            <li><a href=""{{ site.url }}/{{ page.brand }}"" title=""{{ page.brand }}"">{{ page.brand }}</a></li>  
         </ol>         
         <p>Dompet / Clutch Casual Wanita - TB 008 adalah salah satu produk merek Catenzo. Produk fashion handmade asal Bandung yang nyaman digunakan dan tidak pasaran. Cocok untuk Anda agar terlihat lebih gaya, tampil berbeda dan percaya diri. Dompet Wanita ini terbuat dari bahan PRADA.<br/>Kode : TB 008<br/>Warna : CREAM<br/>Bahan : PRADA<br/>Ukuran : AS<br/>Berat : 0.4 kg<br/>Info Lainnya = 19 X 10 X 3<br/>Yuk dibeli kak sebelum kehabisan. Sebelum membeli, harap cek/konfirmasi stok dulu ya kak, karena perputaran barang sangat cepat.<br>
         </p>

         <p><b>Gambar lain :</b></p>
                    <div class=""add-image"">
                      <a href=""{{ page.image1 }}"" target=""_blank"" title=""{{ page.product }}""><img src=""{{ page.image1 }}"" alt=""{{ page.product }}"" title=""Klik untuk memperbesar"" /></a>
                      <a href=""{{ page.image2 }}"" target=""_blank"" title=""{{ page.product }}""><img src=""{{ page.image2 }}"" alt=""{{ page.product }}"" title=""Klik untuk memperbesar"" /></a>
                      <a href=""{{ page.image3 }}"" target=""_blank"" title=""{{ page.product }}""><img src=""{{ page.image3 }}"" alt=""{{ page.product }}"" title=""Klik untuk memperbesar"" /></a>
                      <a href=""{{ page.image4 }}"" target=""_blank"" title=""{{ page.product }}""><img src=""{{ page.image4 }}"" alt=""{{ page.product }}"" title=""Klik untuk memperbesar"" /></a>                                            
                    </div>
                    <br/>

         <p style=""background-color: #5cb85c; color: #ffffff; padding: 5px; text-align: center; display: inline-block; box-shadow: 0 1px 3px rgba(0,0,0,0.12), 0 1px 2px rgba(0,0,0,0.24);"">
         Gudang : WRH-1<br>
         Lokasi : Bandung</p>

         {% include share.html %}

         {% include disqus.html %}
         
        </div>
       </div>       
       
      </div>
     </div><!--/category-tab-->",2017-10-16,html,dompet-wanita,catenzo,dompet-wanita,catenzo,"Dompet Wanita Bahan PRADA, Ukuran AS, Warna CREAM",https://images.lipatan.com/katalog-catenzo-2017-2/foto-produk-satuan/389-tb-008.jpg,https://images.lipatan.com/katalog-catenzo-2017-2/foto-berbagai-sudut/tb-008-a.jpg,https://images.lipatan.com/katalog-catenzo-2017-2/foto-berbagai-sudut/tb-008-b.jpg,https://images.lipatan.com/katalog-catenzo-2017-2/foto-berbagai-sudut/tb-008-c.jpg,https://images.lipatan.com/katalog-catenzo-2017-2/foto-berbagai-sudut/tb-008-d.jpg,/,Dompet / Clutch Casual Wanita - TB 008,Rp 58.900,Rp 68.900,Rp 10.000,TB 008,Baru
Jual Dompet / Clutch Casual Wanita - RW 007 Murah,dompet-clutch-casual-wanita-rw-007,"
     <div class=""product-details""><!--product-details-->
      <div class=""col-sm-5"">
       <div class=""view-product"">
        <img src=""{{ page.image }}"" alt=""{{ page.product }}"" title=""{{ page.product }}"" />
        <h3><a style=""text-decoration: none; color: #ffffff"" href=""{{ page.image }}"" target=""_blank"" title=""Klik disini untuk memperbesar"">ZOOM</a></h3>
       </div>
      </div>

      <div class=""col-sm-7"">
       <div class=""product-information""><!--/product-information-->
        <h1>{{ page.product }}</h1>
        <p>SKU: {{ page.sku }}</p>
        <img src=""{{ site.url }}/img/rating.png"" alt=""rating"" title=""rating"" /><br>
        <span>
         <span>{{ page.price }}</span>        
         <label>Stok:<a href=""http://stok.lipatan.com"" target=""_blank"" title=""Cek Stok"">
          <script type=""text/javascript"">
          <!--
          document.write(unescape('%3c%62%75%74%74%6f%6e%20%74%79%70%65%3d%22%62%75%74%74%6f%6e%22%20%63%6c%61%73%73%3d%22%62%74%6e%20%62%74%6e%2d%66%65%66%61%75%6c%74%20%63%61%72%74%22%3e%09%09%09%09%09%09%09%09%09%09%3c%69%20%63%6c%61%73%73%3d%22%66%61%20%66%61%2d%73%68%6f%70%70%69%6e%67%2d%63%61%72%74%22%3e%3c%2f%69%3e%09%09%09%09%09%09%09%09%09%09%43%65%6b%20%53%74%6f%6b%3c%2f%62%75%74%74%6f%6e%3e'));
          //-->
          </script>
          </a>
         </label>
        </span>
        <p><i style=""background-color: #f0ad4e; color: #ffffff; padding: 5px; margin-bottom: 3px; text-align: center; display: inline-block; box-shadow: 0 1px 3px rgba(0,0,0,0.12), 0 1px 2px rgba(0,0,0,0.24);""> Harga Beli : {{ page.price }} </i>  <i style=""background-color: #5bc0de; color: #ffffff; padding: 5px; margin-bottom: 3px; text-align: center; display: inline-block; box-shadow: 0 1px 3px rgba(0,0,0,0.12), 0 1px 2px rgba(0,0,0,0.24);""> Harga Jual : {{ page.hargajual }} </i>  <i style=""background-color: #5cb85c; color: #ffffff; padding: 5px; margin-bottom: 3px; text-align: center; display: inline-block; box-shadow: 0 1px 3px rgba(0,0,0,0.12), 0 1px 2px rgba(0,0,0,0.24);""> Keuntungan : {{ page.profit }} </i></p>        
        <p><b>Kondisi:</b> {{ page.kondisi }}</p>
        <p><b>Deskripsi:</b> {{ page.description }}</p>
        {% include buy.html %}
       </div><!--/product-information-->
      </div>
     </div><!--/product-details-->
     
     <div class=""category-tab shop-details-tab""><!--category-tab-->
      <div class=""col-sm-12"">
       <ul class=""nav nav-tabs"">
        <li class=""active""><a href=""{{ site.url }}{{ page.url }}#keterangan"" data-toggle=""tab"" title=""Keterangan"">Keterangan</a></li>        
       </ul>
      </div>
      <div class=""tab-content"">
       <div class=""tab-pane fade active in"" id=""keterangan"" >
        <div class=""col-sm-12"">
         <h2>{{ page.product }}</h2>         
         <ol class=""breadcrumb"">
            <li class=""active"">Tag :</li>
            <li><a href=""{{ site.url }}/{{ page.jenis }}"" title=""{{ page.jenis }}"">{{ page.jenis }}</a></li>
            <li><a href=""{{ site.url }}/{{ page.brand }}"" title=""{{ page.brand }}"">{{ page.brand }}</a></li>  
         </ol>         
         <p>Dompet / Clutch Casual Wanita - RW 007 adalah salah satu produk merek Catenzo. Produk fashion handmade asal Bandung yang nyaman digunakan dan tidak pasaran. Cocok untuk Anda agar terlihat lebih gaya, tampil berbeda dan percaya diri. Dompet Wanita ini terbuat dari bahan FERARY.<br/>Kode : RW 007<br/>Warna : UNGU<br/>Bahan : FERARY<br/>Ukuran : AS<br/>Berat : 0.4 kg<br/>Info Lainnya = 25 X 14 X 5<br/>Yuk dibeli kak sebelum kehabisan. Sebelum membeli, harap cek/konfirmasi stok dulu ya kak, karena perputaran barang sangat cepat.<br>
         </p>

         <p><b>Gambar lain :</b></p>
                    <div class=""add-image"">
                      <a href=""{{ page.image1 }}"" target=""_blank"" title=""{{ page.product }}""><img src=""{{ page.image1 }}"" alt=""{{ page.product }}"" title=""Klik untuk memperbesar"" /></a>
                      <a href=""{{ page.image2 }}"" target=""_blank"" title=""{{ page.product }}""><img src=""{{ page.image2 }}"" alt=""{{ page.product }}"" title=""Klik untuk memperbesar"" /></a>
                      <a href=""{{ page.image3 }}"" target=""_blank"" title=""{{ page.product }}""><img src=""{{ page.image3 }}"" alt=""{{ page.product }}"" title=""Klik untuk memperbesar"" /></a>
                      <a href=""{{ page.image4 }}"" target=""_blank"" title=""{{ page.product }}""><img src=""{{ page.image4 }}"" alt=""{{ page.product }}"" title=""Klik untuk memperbesar"" /></a>                                            
                    </div>
                    <br/>

         <p style=""background-color: #5cb85c; color: #ffffff; padding: 5px; text-align: center; display: inline-block; box-shadow: 0 1px 3px rgba(0,0,0,0.12), 0 1px 2px rgba(0,0,0,0.24);"">
         Gudang : WRH-1<br>
         Lokasi : Bandung</p>

         {% include share.html %}

         {% include disqus.html %}
         
        </div>
       </div>       
       
      </div>
     </div><!--/category-tab-->",2017-10-16,html,dompet-wanita,catenzo,dompet-wanita,catenzo,"Dompet Wanita Bahan FERARY, Ukuran AS, Warna UNGU",https://images.lipatan.com/katalog-catenzo-2017-2/foto-produk-satuan/390-rw-007.jpg,https://images.lipatan.com/katalog-catenzo-2017-2/foto-berbagai-sudut/rw-007-a.jpg,https://images.lipatan.com/katalog-catenzo-2017-2/foto-berbagai-sudut/rw-007-b.jpg,https://images.lipatan.com/katalog-catenzo-2017-2/foto-berbagai-sudut/rw-007-c.jpg,https://images.lipatan.com/katalog-catenzo-2017-2/foto-berbagai-sudut/rw-007-d.jpg,/,Dompet / Clutch Casual Wanita - RW 007,Rp 79.900,Rp 93.900,Rp 14.000,RW 007,Baru
Jual Dompet / Clutch Casual Wanita - RA 018 Murah,dompet-clutch-casual-wanita-ra-018,"
     <div class=""product-details""><!--product-details-->
      <div class=""col-sm-5"">
       <div class=""view-product"">
        <img src=""{{ page.image }}"" alt=""{{ page.product }}"" title=""{{ page.product }}"" />
        <h3><a style=""text-decoration: none; color: #ffffff"" href=""{{ page.image }}"" target=""_blank"" title=""Klik disini untuk memperbesar"">ZOOM</a></h3>
       </div>
      </div>

      <div class=""col-sm-7"">
       <div class=""product-information""><!--/product-information-->
        <h1>{{ page.product }}</h1>
        <p>SKU: {{ page.sku }}</p>
        <img src=""{{ site.url }}/img/rating.png"" alt=""rating"" title=""rating"" /><br>
        <span>
         <span>{{ page.price }}</span>        
         <label>Stok:<a href=""http://stok.lipatan.com"" target=""_blank"" title=""Cek Stok"">
          <script type=""text/javascript"">
          <!--
          document.write(unescape('%3c%62%75%74%74%6f%6e%20%74%79%70%65%3d%22%62%75%74%74%6f%6e%22%20%63%6c%61%73%73%3d%22%62%74%6e%20%62%74%6e%2d%66%65%66%61%75%6c%74%20%63%61%72%74%22%3e%09%09%09%09%09%09%09%09%09%09%3c%69%20%63%6c%61%73%73%3d%22%66%61%20%66%61%2d%73%68%6f%70%70%69%6e%67%2d%63%61%72%74%22%3e%3c%2f%69%3e%09%09%09%09%09%09%09%09%09%09%43%65%6b%20%53%74%6f%6b%3c%2f%62%75%74%74%6f%6e%3e'));
          //-->
          </script>
          </a>
         </label>
        </span>
        <p><i style=""background-color: #f0ad4e; color: #ffffff; padding: 5px; margin-bottom: 3px; text-align: center; display: inline-block; box-shadow: 0 1px 3px rgba(0,0,0,0.12), 0 1px 2px rgba(0,0,0,0.24);""> Harga Beli : {{ page.price }} </i>  <i style=""background-color: #5bc0de; color: #ffffff; padding: 5px; margin-bottom: 3px; text-align: center; display: inline-block; box-shadow: 0 1px 3px rgba(0,0,0,0.12), 0 1px 2px rgba(0,0,0,0.24);""> Harga Jual : {{ page.hargajual }} </i>  <i style=""background-color: #5cb85c; color: #ffffff; padding: 5px; margin-bottom: 3px; text-align: center; display: inline-block; box-shadow: 0 1px 3px rgba(0,0,0,0.12), 0 1px 2px rgba(0,0,0,0.24);""> Keuntungan : {{ page.profit }} </i></p>        
        <p><b>Kondisi:</b> {{ page.kondisi }}</p>
        <p><b>Deskripsi:</b> {{ page.description }}</p>
        {% include buy.html %}
       </div><!--/product-information-->
      </div>
     </div><!--/product-details-->
     
     <div class=""category-tab shop-details-tab""><!--category-tab-->
      <div class=""col-sm-12"">
       <ul class=""nav nav-tabs"">
        <li class=""active""><a href=""{{ site.url }}{{ page.url }}#keterangan"" data-toggle=""tab"" title=""Keterangan"">Keterangan</a></li>        
       </ul>
      </div>
      <div class=""tab-content"">
       <div class=""tab-pane fade active in"" id=""keterangan"" >
        <div class=""col-sm-12"">
         <h2>{{ page.product }}</h2>         
         <ol class=""breadcrumb"">
            <li class=""active"">Tag :</li>
            <li><a href=""{{ site.url }}/{{ page.jenis }}"" title=""{{ page.jenis }}"">{{ page.jenis }}</a></li>
            <li><a href=""{{ site.url }}/{{ page.brand }}"" title=""{{ page.brand }}"">{{ page.brand }}</a></li>  
         </ol>         
         <p>Dompet / Clutch Casual Wanita - RA 018 adalah salah satu produk merek Catenzo. Produk fashion handmade asal Bandung yang nyaman digunakan dan tidak pasaran. Cocok untuk Anda agar terlihat lebih gaya, tampil berbeda dan percaya diri. Dompet Wanita ini terbuat dari bahan SINTETIS.<br/>Kode : RA 018<br/>Warna : MERAH<br/>Bahan : SINTETIS<br/>Ukuran : AS<br/>Berat : 0.4 kg<br/>Info Lainnya = 20 X 11 X 3<br/>Yuk dibeli kak sebelum kehabisan. Sebelum membeli, harap cek/konfirmasi stok dulu ya kak, karena perputaran barang sangat cepat.<br>
         </p>

         <p><b>Gambar lain :</b></p>
                    <div class=""add-image"">
                      <a href=""{{ page.image1 }}"" target=""_blank"" title=""{{ page.product }}""><img src=""{{ page.image1 }}"" alt=""{{ page.product }}"" title=""Klik untuk memperbesar"" /></a>
                      <a href=""{{ page.image2 }}"" target=""_blank"" title=""{{ page.product }}""><img src=""{{ page.image2 }}"" alt=""{{ page.product }}"" title=""Klik untuk memperbesar"" /></a>
                      <a href=""{{ page.image3 }}"" target=""_blank"" title=""{{ page.product }}""><img src=""{{ page.image3 }}"" alt=""{{ page.product }}"" title=""Klik untuk memperbesar"" /></a>
                      <a href=""{{ page.image4 }}"" target=""_blank"" title=""{{ page.product }}""><img src=""{{ page.image4 }}"" alt=""{{ page.product }}"" title=""Klik untuk memperbesar"" /></a>                                            
                    </div>
                    <br/>

         <p style=""background-color: #5cb85c; color: #ffffff; padding: 5px; text-align: center; display: inline-block; box-shadow: 0 1px 3px rgba(0,0,0,0.12), 0 1px 2px rgba(0,0,0,0.24);"">
         Gudang : WRH-1<br>
         Lokasi : Bandung</p>

         {% include share.html %}

         {% include disqus.html %}
         
        </div>
       </div>       
       
      </div>
     </div><!--/category-tab-->",2017-10-16,html,dompet-wanita,catenzo,dompet-wanita,catenzo,"Dompet Wanita Bahan SINTETIS, Ukuran AS, Warna MERAH",https://images.lipatan.com/katalog-catenzo-2017-2/foto-produk-satuan/391-ra-018.jpg,https://images.lipatan.com/katalog-catenzo-2017-2/foto-berbagai-sudut/ra-018-a.jpg,https://images.lipatan.com/katalog-catenzo-2017-2/foto-berbagai-sudut/ra-018-b.jpg,https://images.lipatan.com/katalog-catenzo-2017-2/foto-berbagai-sudut/ra-018-c.jpg,https://images.lipatan.com/katalog-catenzo-2017-2/foto-berbagai-sudut/ra-018-d.jpg,/,Dompet / Clutch Casual Wanita - RA 018,Rp 78.900,Rp 92.900,Rp 14.000,RA 018,Baru
Jual Dompet / Clutch Casual Wanita - TB 004 Murah,dompet-clutch-casual-wanita-tb-004,"
     <div class=""product-details""><!--product-details-->
      <div class=""col-sm-5"">
       <div class=""view-product"">
        <img src=""{{ page.image }}"" alt=""{{ page.product }}"" title=""{{ page.product }}"" />
        <h3><a style=""text-decoration: none; color: #ffffff"" href=""{{ page.image }}"" target=""_blank"" title=""Klik disini untuk memperbesar"">ZOOM</a></h3>
       </div>
      </div>

      <div class=""col-sm-7"">
       <div class=""product-information""><!--/product-information-->
        <h1>{{ page.product }}</h1>
        <p>SKU: {{ page.sku }}</p>
        <img src=""{{ site.url }}/img/rating.png"" alt=""rating"" title=""rating"" /><br>
        <span>
         <span>{{ page.price }}</span>        
         <label>Stok:<a href=""http://stok.lipatan.com"" target=""_blank"" title=""Cek Stok"">
          <script type=""text/javascript"">
          <!--
          document.write(unescape('%3c%62%75%74%74%6f%6e%20%74%79%70%65%3d%22%62%75%74%74%6f%6e%22%20%63%6c%61%73%73%3d%22%62%74%6e%20%62%74%6e%2d%66%65%66%61%75%6c%74%20%63%61%72%74%22%3e%09%09%09%09%09%09%09%09%09%09%3c%69%20%63%6c%61%73%73%3d%22%66%61%20%66%61%2d%73%68%6f%70%70%69%6e%67%2d%63%61%72%74%22%3e%3c%2f%69%3e%09%09%09%09%09%09%09%09%09%09%43%65%6b%20%53%74%6f%6b%3c%2f%62%75%74%74%6f%6e%3e'));
          //-->
          </script>
          </a>
         </label>
        </span>
        <p><i style=""background-color: #f0ad4e; color: #ffffff; padding: 5px; margin-bottom: 3px; text-align: center; display: inline-block; box-shadow: 0 1px 3px rgba(0,0,0,0.12), 0 1px 2px rgba(0,0,0,0.24);""> Harga Beli : {{ page.price }} </i>  <i style=""background-color: #5bc0de; color: #ffffff; padding: 5px; margin-bottom: 3px; text-align: center; display: inline-block; box-shadow: 0 1px 3px rgba(0,0,0,0.12), 0 1px 2px rgba(0,0,0,0.24);""> Harga Jual : {{ page.hargajual }} </i>  <i style=""background-color: #5cb85c; color: #ffffff; padding: 5px; margin-bottom: 3px; text-align: center; display: inline-block; box-shadow: 0 1px 3px rgba(0,0,0,0.12), 0 1px 2px rgba(0,0,0,0.24);""> Keuntungan : {{ page.profit }} </i></p>        
        <p><b>Kondisi:</b> {{ page.kondisi }}</p>
        <p><b>Deskripsi:</b> {{ page.description }}</p>
        {% include buy.html %}
       </div><!--/product-information-->
      </div>
     </div><!--/product-details-->
     
     <div class=""category-tab shop-details-tab""><!--category-tab-->
      <div class=""col-sm-12"">
       <ul class=""nav nav-tabs"">
        <li class=""active""><a href=""{{ site.url }}{{ page.url }}#keterangan"" data-toggle=""tab"" title=""Keterangan"">Keterangan</a></li>        
       </ul>
      </div>
      <div class=""tab-content"">
       <div class=""tab-pane fade active in"" id=""keterangan"" >
        <div class=""col-sm-12"">
         <h2>{{ page.product }}</h2>         
         <ol class=""breadcrumb"">
            <li class=""active"">Tag :</li>
            <li><a href=""{{ site.url }}/{{ page.jenis }}"" title=""{{ page.jenis }}"">{{ page.jenis }}</a></li>
            <li><a href=""{{ site.url }}/{{ page.brand }}"" title=""{{ page.brand }}"">{{ page.brand }}</a></li>  
         </ol>         
         <p>Dompet / Clutch Casual Wanita - TB 004 adalah salah satu produk merek Catenzo. Produk fashion handmade asal Bandung yang nyaman digunakan dan tidak pasaran. Cocok untuk Anda agar terlihat lebih gaya, tampil berbeda dan percaya diri. Dompet Wanita ini terbuat dari bahan PRADA.<br/>Kode : TB 004<br/>Warna : COKLAT<br/>Bahan : PRADA<br/>Ukuran : AS<br/>Berat : 0.4 kg<br/>Info Lainnya = 23 X 13 X 3<br/>Yuk dibeli kak sebelum kehabisan. Sebelum membeli, harap cek/konfirmasi stok dulu ya kak, karena perputaran barang sangat cepat.<br>
         </p>

         <p><b>Gambar lain :</b></p>
                    <div class=""add-image"">
                      <a href=""{{ page.image1 }}"" target=""_blank"" title=""{{ page.product }}""><img src=""{{ page.image1 }}"" alt=""{{ page.product }}"" title=""Klik untuk memperbesar"" /></a>
                      <a href=""{{ page.image2 }}"" target=""_blank"" title=""{{ page.product }}""><img src=""{{ page.image2 }}"" alt=""{{ page.product }}"" title=""Klik untuk memperbesar"" /></a>
                      <a href=""{{ page.image3 }}"" target=""_blank"" title=""{{ page.product }}""><img src=""{{ page.image3 }}"" alt=""{{ page.product }}"" title=""Klik untuk memperbesar"" /></a>
                      <a href=""{{ page.image4 }}"" target=""_blank"" title=""{{ page.product }}""><img src=""{{ page.image4 }}"" alt=""{{ page.product }}"" title=""Klik untuk memperbesar"" /></a>                                            
                    </div>
                    <br/>

         <p style=""background-color: #5cb85c; color: #ffffff; padding: 5px; text-align: center; display: inline-block; box-shadow: 0 1px 3px rgba(0,0,0,0.12), 0 1px 2px rgba(0,0,0,0.24);"">
         Gudang : WRH-1<br>
         Lokasi : Bandung</p>

         {% include share.html %}

         {% include disqus.html %}
         
        </div>
       </div>       
       
      </div>
     </div><!--/category-tab-->",2017-10-16,html,dompet-wanita,catenzo,dompet-wanita,catenzo,"Dompet Wanita Bahan PRADA, Ukuran AS, Warna COKLAT",https://images.lipatan.com/katalog-catenzo-2017-2/foto-produk-satuan/392-tb-004.jpg,https://images.lipatan.com/katalog-catenzo-2017-2/foto-berbagai-sudut/tb-004-a.jpg,https://images.lipatan.com/katalog-catenzo-2017-2/foto-berbagai-sudut/tb-004-b.jpg,https://images.lipatan.com/katalog-catenzo-2017-2/foto-berbagai-sudut/tb-004-c.jpg,https://images.lipatan.com/katalog-catenzo-2017-2/foto-berbagai-sudut/tb-004-d.jpg,/,Dompet / Clutch Casual Wanita - TB 004,Rp 76.400,Rp 89.900,Rp 13.500,TB 004,Baru
Jual Dompet / Clutch Casual Wanita - RW 004 Murah,dompet-clutch-casual-wanita-rw-004,"
     <div class=""product-details""><!--product-details-->
      <div class=""col-sm-5"">
       <div class=""view-product"">
        <img src=""{{ page.image }}"" alt=""{{ page.product }}"" title=""{{ page.product }}"" />
        <h3><a style=""text-decoration: none; color: #ffffff"" href=""{{ page.image }}"" target=""_blank"" title=""Klik disini untuk memperbesar"">ZOOM</a></h3>
       </div>
      </div>

      <div class=""col-sm-7"">
       <div class=""product-information""><!--/product-information-->
        <h1>{{ page.product }}</h1>
        <p>SKU: {{ page.sku }}</p>
        <img src=""{{ site.url }}/img/rating.png"" alt=""rating"" title=""rating"" /><br>
        <span>
         <span>{{ page.price }}</span>        
         <label>Stok:<a href=""http://stok.lipatan.com"" target=""_blank"" title=""Cek Stok"">
          <script type=""text/javascript"">
          <!--
          document.write(unescape('%3c%62%75%74%74%6f%6e%20%74%79%70%65%3d%22%62%75%74%74%6f%6e%22%20%63%6c%61%73%73%3d%22%62%74%6e%20%62%74%6e%2d%66%65%66%61%75%6c%74%20%63%61%72%74%22%3e%09%09%09%09%09%09%09%09%09%09%3c%69%20%63%6c%61%73%73%3d%22%66%61%20%66%61%2d%73%68%6f%70%70%69%6e%67%2d%63%61%72%74%22%3e%3c%2f%69%3e%09%09%09%09%09%09%09%09%09%09%43%65%6b%20%53%74%6f%6b%3c%2f%62%75%74%74%6f%6e%3e'));
          //-->
          </script>
          </a>
         </label>
        </span>
        <p><i style=""background-color: #f0ad4e; color: #ffffff; padding: 5px; margin-bottom: 3px; text-align: center; display: inline-block; box-shadow: 0 1px 3px rgba(0,0,0,0.12), 0 1px 2px rgba(0,0,0,0.24);""> Harga Beli : {{ page.price }} </i>  <i style=""background-color: #5bc0de; color: #ffffff; padding: 5px; margin-bottom: 3px; text-align: center; display: inline-block; box-shadow: 0 1px 3px rgba(0,0,0,0.12), 0 1px 2px rgba(0,0,0,0.24);""> Harga Jual : {{ page.hargajual }} </i>  <i style=""background-color: #5cb85c; color: #ffffff; padding: 5px; margin-bottom: 3px; text-align: center; display: inline-block; box-shadow: 0 1px 3px rgba(0,0,0,0.12), 0 1px 2px rgba(0,0,0,0.24);""> Keuntungan : {{ page.profit }} </i></p>        
        <p><b>Kondisi:</b> {{ page.kondisi }}</p>
        <p><b>Deskripsi:</b> {{ page.description }}</p>
        {% include buy.html %}
       </div><!--/product-information-->
      </div>
     </div><!--/product-details-->
     
     <div class=""category-tab shop-details-tab""><!--category-tab-->
      <div class=""col-sm-12"">
       <ul class=""nav nav-tabs"">
        <li class=""active""><a href=""{{ site.url }}{{ page.url }}#keterangan"" data-toggle=""tab"" title=""Keterangan"">Keterangan</a></li>        
       </ul>
      </div>
      <div class=""tab-content"">
       <div class=""tab-pane fade active in"" id=""keterangan"" >
        <div class=""col-sm-12"">
         <h2>{{ page.product }}</h2>         
         <ol class=""breadcrumb"">
            <li class=""active"">Tag :</li>
            <li><a href=""{{ site.url }}/{{ page.jenis }}"" title=""{{ page.jenis }}"">{{ page.jenis }}</a></li>
            <li><a href=""{{ site.url }}/{{ page.brand }}"" title=""{{ page.brand }}"">{{ page.brand }}</a></li>  
         </ol>         
         <p>Dompet / Clutch Casual Wanita - RW 004 adalah salah satu produk merek Catenzo. Produk fashion handmade asal Bandung yang nyaman digunakan dan tidak pasaran. Cocok untuk Anda agar terlihat lebih gaya, tampil berbeda dan percaya diri. Dompet Wanita ini terbuat dari bahan SINTETIS.<br/>Kode : RW 004<br/>Warna : CREAM KOMBINASI<br/>Bahan : SINTETIS<br/>Ukuran : AS<br/>Berat : 0.4 kg<br/>Info Lainnya = 25 X 14 X 5<br/>Yuk dibeli kak sebelum kehabisan. Sebelum membeli, harap cek/konfirmasi stok dulu ya kak, karena perputaran barang sangat cepat.<br>
         </p>

         <p><b>Gambar lain :</b></p>
                    <div class=""add-image"">
                      <a href=""{{ page.image1 }}"" target=""_blank"" title=""{{ page.product }}""><img src=""{{ page.image1 }}"" alt=""{{ page.product }}"" title=""Klik untuk memperbesar"" /></a>
                      <a href=""{{ page.image2 }}"" target=""_blank"" title=""{{ page.product }}""><img src=""{{ page.image2 }}"" alt=""{{ page.product }}"" title=""Klik untuk memperbesar"" /></a>
                      <a href=""{{ page.image3 }}"" target=""_blank"" title=""{{ page.product }}""><img src=""{{ page.image3 }}"" alt=""{{ page.product }}"" title=""Klik untuk memperbesar"" /></a>
                      <a href=""{{ page.image4 }}"" target=""_blank"" title=""{{ page.product }}""><img src=""{{ page.image4 }}"" alt=""{{ page.product }}"" title=""Klik untuk memperbesar"" /></a>                                            
                    </div>
                    <br/>

         <p style=""background-color: #5cb85c; color: #ffffff; padding: 5px; text-align: center; display: inline-block; box-shadow: 0 1px 3px rgba(0,0,0,0.12), 0 1px 2px rgba(0,0,0,0.24);"">
         Gudang : WRH-1<br>
         Lokasi : Bandung</p>

         {% include share.html %}

         {% include disqus.html %}
         
        </div>
       </div>       
       
      </div>
     </div><!--/category-tab-->",2017-10-16,html,dompet-wanita,catenzo,dompet-wanita,catenzo,"Dompet Wanita Bahan SINTETIS, Ukuran AS, Warna CREAM KOMBINASI",https://images.lipatan.com/katalog-catenzo-2017-2/foto-produk-satuan/393-rw-004.jpg,https://images.lipatan.com/katalog-catenzo-2017-2/foto-berbagai-sudut/rw-004-a.jpg,https://images.lipatan.com/katalog-catenzo-2017-2/foto-berbagai-sudut/rw-004-b.jpg,https://images.lipatan.com/katalog-catenzo-2017-2/foto-berbagai-sudut/rw-004-c.jpg,https://images.lipatan.com/katalog-catenzo-2017-2/foto-berbagai-sudut/rw-004-d.jpg,/,Dompet / Clutch Casual Wanita - RW 004,Rp 79.900,Rp 93.900,Rp 14.000,RW 004,Baru
Jual Dompet / Clutch Casual Wanita - RW 002 Murah,dompet-clutch-casual-wanita-rw-002,"
     <div class=""product-details""><!--product-details-->
      <div class=""col-sm-5"">
       <div class=""view-product"">
        <img src=""{{ page.image }}"" alt=""{{ page.product }}"" title=""{{ page.product }}"" />
        <h3><a style=""text-decoration: none; color: #ffffff"" href=""{{ page.image }}"" target=""_blank"" title=""Klik disini untuk memperbesar"">ZOOM</a></h3>
       </div>
      </div>

      <div class=""col-sm-7"">
       <div class=""product-information""><!--/product-information-->
        <h1>{{ page.product }}</h1>
        <p>SKU: {{ page.sku }}</p>
        <img src=""{{ site.url }}/img/rating.png"" alt=""rating"" title=""rating"" /><br>
        <span>
         <span>{{ page.price }}</span>        
         <label>Stok:<a href=""http://stok.lipatan.com"" target=""_blank"" title=""Cek Stok"">
          <script type=""text/javascript"">
          <!--
          document.write(unescape('%3c%62%75%74%74%6f%6e%20%74%79%70%65%3d%22%62%75%74%74%6f%6e%22%20%63%6c%61%73%73%3d%22%62%74%6e%20%62%74%6e%2d%66%65%66%61%75%6c%74%20%63%61%72%74%22%3e%09%09%09%09%09%09%09%09%09%09%3c%69%20%63%6c%61%73%73%3d%22%66%61%20%66%61%2d%73%68%6f%70%70%69%6e%67%2d%63%61%72%74%22%3e%3c%2f%69%3e%09%09%09%09%09%09%09%09%09%09%43%65%6b%20%53%74%6f%6b%3c%2f%62%75%74%74%6f%6e%3e'));
          //-->
          </script>
          </a>
         </label>
        </span>
        <p><i style=""background-color: #f0ad4e; color: #ffffff; padding: 5px; margin-bottom: 3px; text-align: center; display: inline-block; box-shadow: 0 1px 3px rgba(0,0,0,0.12), 0 1px 2px rgba(0,0,0,0.24);""> Harga Beli : {{ page.price }} </i>  <i style=""background-color: #5bc0de; color: #ffffff; padding: 5px; margin-bottom: 3px; text-align: center; display: inline-block; box-shadow: 0 1px 3px rgba(0,0,0,0.12), 0 1px 2px rgba(0,0,0,0.24);""> Harga Jual : {{ page.hargajual }} </i>  <i style=""background-color: #5cb85c; color: #ffffff; padding: 5px; margin-bottom: 3px; text-align: center; display: inline-block; box-shadow: 0 1px 3px rgba(0,0,0,0.12), 0 1px 2px rgba(0,0,0,0.24);""> Keuntungan : {{ page.profit }} </i></p>        
        <p><b>Kondisi:</b> {{ page.kondisi }}</p>
        <p><b>Deskripsi:</b> {{ page.description }}</p>
        {% include buy.html %}
       </div><!--/product-information-->
      </div>
     </div><!--/product-details-->
     
     <div class=""category-tab shop-details-tab""><!--category-tab-->
      <div class=""col-sm-12"">
       <ul class=""nav nav-tabs"">
        <li class=""active""><a href=""{{ site.url }}{{ page.url }}#keterangan"" data-toggle=""tab"" title=""Keterangan"">Keterangan</a></li>        
       </ul>
      </div>
      <div class=""tab-content"">
       <div class=""tab-pane fade active in"" id=""keterangan"" >
        <div class=""col-sm-12"">
         <h2>{{ page.product }}</h2>         
         <ol class=""breadcrumb"">
            <li class=""active"">Tag :</li>
            <li><a href=""{{ site.url }}/{{ page.jenis }}"" title=""{{ page.jenis }}"">{{ page.jenis }}</a></li>
            <li><a href=""{{ site.url }}/{{ page.brand }}"" title=""{{ page.brand }}"">{{ page.brand }}</a></li>  
         </ol>         
         <p>Dompet / Clutch Casual Wanita - RW 002 adalah salah satu produk merek Catenzo. Produk fashion handmade asal Bandung yang nyaman digunakan dan tidak pasaran. Cocok untuk Anda agar terlihat lebih gaya, tampil berbeda dan percaya diri. Dompet Wanita ini terbuat dari bahan SINTETIS.<br/>Kode : RW 002<br/>Warna : ABU ABU<br/>Bahan : SINTETIS<br/>Ukuran : AS<br/>Berat : 0.4 kg<br/>Info Lainnya = 25 X 15 X 5<br/>Yuk dibeli kak sebelum kehabisan. Sebelum membeli, harap cek/konfirmasi stok dulu ya kak, karena perputaran barang sangat cepat.<br>
         </p>

         <p><b>Gambar lain :</b></p>
                    <div class=""add-image"">
                      <a href=""{{ page.image1 }}"" target=""_blank"" title=""{{ page.product }}""><img src=""{{ page.image1 }}"" alt=""{{ page.product }}"" title=""Klik untuk memperbesar"" /></a>
                      <a href=""{{ page.image2 }}"" target=""_blank"" title=""{{ page.product }}""><img src=""{{ page.image2 }}"" alt=""{{ page.product }}"" title=""Klik untuk memperbesar"" /></a>
                      <a href=""{{ page.image3 }}"" target=""_blank"" title=""{{ page.product }}""><img src=""{{ page.image3 }}"" alt=""{{ page.product }}"" title=""Klik untuk memperbesar"" /></a>
                      <a href=""{{ page.image4 }}"" target=""_blank"" title=""{{ page.product }}""><img src=""{{ page.image4 }}"" alt=""{{ page.product }}"" title=""Klik untuk memperbesar"" /></a>                                            
                    </div>
                    <br/>

         <p style=""background-color: #5cb85c; color: #ffffff; padding: 5px; text-align: center; display: inline-block; box-shadow: 0 1px 3px rgba(0,0,0,0.12), 0 1px 2px rgba(0,0,0,0.24);"">
         Gudang : WRH-1<br>
         Lokasi : Bandung</p>

         {% include share.html %}

         {% include disqus.html %}
         
        </div>
       </div>       
       
      </div>
     </div><!--/category-tab-->",2017-10-16,html,dompet-wanita,catenzo,dompet-wanita,catenzo,"Dompet Wanita Bahan SINTETIS, Ukuran AS, Warna ABU ABU",https://images.lipatan.com/katalog-catenzo-2017-2/foto-produk-satuan/394-rw-002.jpg,https://images.lipatan.com/katalog-catenzo-2017-2/foto-berbagai-sudut/rw-002-a.jpg,https://images.lipatan.com/katalog-catenzo-2017-2/foto-berbagai-sudut/rw-002-b.jpg,https://images.lipatan.com/katalog-catenzo-2017-2/foto-berbagai-sudut/rw-002-c.jpg,https://images.lipatan.com/katalog-catenzo-2017-2/foto-berbagai-sudut/rw-002-d.jpg,/,Dompet / Clutch Casual Wanita - RW 002,Rp 76.900,Rp 89.900,Rp 13.000,RW 002,Baru
Jual Clutch / Hand Bag / Dompet Wanita - RTB 007 Murah,clutch-hand-bag-dompet-wanita-rtb-007,"
     <div class=""product-details""><!--product-details-->
      <div class=""col-sm-5"">
       <div class=""view-product"">
        <img src=""{{ page.image }}"" alt=""{{ page.product }}"" title=""{{ page.product }}"" />
        <h3><a style=""text-decoration: none; color: #ffffff"" href=""{{ page.image }}"" target=""_blank"" title=""Klik disini untuk memperbesar"">ZOOM</a></h3>
       </div>
      </div>

      <div class=""col-sm-7"">
       <div class=""product-information""><!--/product-information-->
        <h1>{{ page.product }}</h1>
        <p>SKU: {{ page.sku }}</p>
        <img src=""{{ site.url }}/img/rating.png"" alt=""rating"" title=""rating"" /><br>
        <span>
         <span>{{ page.price }}</span>        
         <label>Stok:<a href=""http://stok.lipatan.com"" target=""_blank"" title=""Cek Stok"">
          <script type=""text/javascript"">
          <!--
          document.write(unescape('%3c%62%75%74%74%6f%6e%20%74%79%70%65%3d%22%62%75%74%74%6f%6e%22%20%63%6c%61%73%73%3d%22%62%74%6e%20%62%74%6e%2d%66%65%66%61%75%6c%74%20%63%61%72%74%22%3e%09%09%09%09%09%09%09%09%09%09%3c%69%20%63%6c%61%73%73%3d%22%66%61%20%66%61%2d%73%68%6f%70%70%69%6e%67%2d%63%61%72%74%22%3e%3c%2f%69%3e%09%09%09%09%09%09%09%09%09%09%43%65%6b%20%53%74%6f%6b%3c%2f%62%75%74%74%6f%6e%3e'));
          //-->
          </script>
          </a>
         </label>
        </span>
        <p><i style=""background-color: #f0ad4e; color: #ffffff; padding: 5px; margin-bottom: 3px; text-align: center; display: inline-block; box-shadow: 0 1px 3px rgba(0,0,0,0.12), 0 1px 2px rgba(0,0,0,0.24);""> Harga Beli : {{ page.price }} </i>  <i style=""background-color: #5bc0de; color: #ffffff; padding: 5px; margin-bottom: 3px; text-align: center; display: inline-block; box-shadow: 0 1px 3px rgba(0,0,0,0.12), 0 1px 2px rgba(0,0,0,0.24);""> Harga Jual : {{ page.hargajual }} </i>  <i style=""background-color: #5cb85c; color: #ffffff; padding: 5px; margin-bottom: 3px; text-align: center; display: inline-block; box-shadow: 0 1px 3px rgba(0,0,0,0.12), 0 1px 2px rgba(0,0,0,0.24);""> Keuntungan : {{ page.profit }} </i></p>        
        <p><b>Kondisi:</b> {{ page.kondisi }}</p>
        <p><b>Deskripsi:</b> {{ page.description }}</p>
        {% include buy.html %}
       </div><!--/product-information-->
      </div>
     </div><!--/product-details-->
     
     <div class=""category-tab shop-details-tab""><!--category-tab-->
      <div class=""col-sm-12"">
       <ul class=""nav nav-tabs"">
        <li class=""active""><a href=""{{ site.url }}{{ page.url }}#keterangan"" data-toggle=""tab"" title=""Keterangan"">Keterangan</a></li>        
       </ul>
      </div>
      <div class=""tab-content"">
       <div class=""tab-pane fade active in"" id=""keterangan"" >
        <div class=""col-sm-12"">
         <h2>{{ page.product }}</h2>         
         <ol class=""breadcrumb"">
            <li class=""active"">Tag :</li>
            <li><a href=""{{ site.url }}/{{ page.jenis }}"" title=""{{ page.jenis }}"">{{ page.jenis }}</a></li>
            <li><a href=""{{ site.url }}/{{ page.brand }}"" title=""{{ page.brand }}"">{{ page.brand }}</a></li>  
         </ol>         
         <p>Clutch / Hand Bag / Dompet Wanita - RTB 007 adalah salah satu produk merek Raindoz. Produk fashion handmade asal Bandung yang nyaman digunakan dan tidak pasaran. Cocok untuk Anda agar terlihat lebih gaya, tampil berbeda dan percaya diri. Dompet Wanita ini terbuat dari bahan SINTETIS.<br/>Kode : RTB 007<br/>Warna : TAN<br/>Bahan : SINTETIS<br/>Ukuran : AS<br/>Berat : 0.4 kg<br/>Info Lainnya = 23 X 3 X 13<br/>Yuk dibeli kak sebelum kehabisan. Sebelum membeli, harap cek/konfirmasi stok dulu ya kak, karena perputaran barang sangat cepat.<br>
         </p>

         <p><b>Gambar lain :</b></p>
                    <div class=""add-image"">
                      <a href=""{{ page.image1 }}"" target=""_blank"" title=""{{ page.product }}""><img src=""{{ page.image1 }}"" alt=""{{ page.product }}"" title=""Klik untuk memperbesar"" /></a>
                      <a href=""{{ page.image2 }}"" target=""_blank"" title=""{{ page.product }}""><img src=""{{ page.image2 }}"" alt=""{{ page.product }}"" title=""Klik untuk memperbesar"" /></a>
                      <a href=""{{ page.image3 }}"" target=""_blank"" title=""{{ page.product }}""><img src=""{{ page.image3 }}"" alt=""{{ page.product }}"" title=""Klik untuk memperbesar"" /></a>
                      <a href=""{{ page.image4 }}"" target=""_blank"" title=""{{ page.product }}""><img src=""{{ page.image4 }}"" alt=""{{ page.product }}"" title=""Klik untuk memperbesar"" /></a>                                            
                    </div>
                    <br/>

         <p style=""background-color: #5cb85c; color: #ffffff; padding: 5px; text-align: center; display: inline-block; box-shadow: 0 1px 3px rgba(0,0,0,0.12), 0 1px 2px rgba(0,0,0,0.24);"">
         Gudang : WRH-1<br>
         Lokasi : Bandung</p>

         {% include share.html %}

         {% include disqus.html %}
         
        </div>
       </div>       
       
      </div>
     </div><!--/category-tab-->",2017-10-17,html,dompet-wanita,raindoz,dompet-wanita,raindoz,"Dompet Wanita Bahan SINTETIS, Ukuran AS, Warna TAN",https://images.lipatan.com/katalog-raindoz-2017-2/foto-produk-satuan/405-rtb-007.jpg,https://images.lipatan.com/katalog-raindoz-2017-2/foto-berbagai-sudut/rtb-007-a.jpg,https://images.lipatan.com/katalog-raindoz-2017-2/foto-berbagai-sudut/rtb-007-b.jpg,https://images.lipatan.com/katalog-raindoz-2017-2/foto-berbagai-sudut/rtb-007-c.jpg,https://images.lipatan.com/katalog-raindoz-2017-2/foto-berbagai-sudut/rtb-007-d.jpg,/,Clutch / Hand Bag / Dompet Wanita - RTB 007,Rp 70.400,Rp 82.900,Rp 12.500,RTB 007,Baru
Jual Clutch / Hand Bag / Dompet Wanita - RNA 083 Murah,clutch-hand-bag-dompet-wanita-rna-083,"
     <div class=""product-details""><!--product-details-->
      <div class=""col-sm-5"">
       <div class=""view-product"">
        <img src=""{{ page.image }}"" alt=""{{ page.product }}"" title=""{{ page.product }}"" />
        <h3><a style=""text-decoration: none; color: #ffffff"" href=""{{ page.image }}"" target=""_blank"" title=""Klik disini untuk memperbesar"">ZOOM</a></h3>
       </div>
      </div>

      <div class=""col-sm-7"">
       <div class=""product-information""><!--/product-information-->
        <h1>{{ page.product }}</h1>
        <p>SKU: {{ page.sku }}</p>
        <img src=""{{ site.url }}/img/rating.png"" alt=""rating"" title=""rating"" /><br>
        <span>
         <span>{{ page.price }}</span>        
         <label>Stok:<a href=""http://stok.lipatan.com"" target=""_blank"" title=""Cek Stok"">
          <script type=""text/javascript"">
          <!--
          document.write(unescape('%3c%62%75%74%74%6f%6e%20%74%79%70%65%3d%22%62%75%74%74%6f%6e%22%20%63%6c%61%73%73%3d%22%62%74%6e%20%62%74%6e%2d%66%65%66%61%75%6c%74%20%63%61%72%74%22%3e%09%09%09%09%09%09%09%09%09%09%3c%69%20%63%6c%61%73%73%3d%22%66%61%20%66%61%2d%73%68%6f%70%70%69%6e%67%2d%63%61%72%74%22%3e%3c%2f%69%3e%09%09%09%09%09%09%09%09%09%09%43%65%6b%20%53%74%6f%6b%3c%2f%62%75%74%74%6f%6e%3e'));
          //-->
          </script>
          </a>
         </label>
        </span>
        <p><i style=""background-color: #f0ad4e; color: #ffffff; padding: 5px; margin-bottom: 3px; text-align: center; display: inline-block; box-shadow: 0 1px 3px rgba(0,0,0,0.12), 0 1px 2px rgba(0,0,0,0.24);""> Harga Beli : {{ page.price }} </i>  <i style=""background-color: #5bc0de; color: #ffffff; padding: 5px; margin-bottom: 3px; text-align: center; display: inline-block; box-shadow: 0 1px 3px rgba(0,0,0,0.12), 0 1px 2px rgba(0,0,0,0.24);""> Harga Jual : {{ page.hargajual }} </i>  <i style=""background-color: #5cb85c; color: #ffffff; padding: 5px; margin-bottom: 3px; text-align: center; display: inline-block; box-shadow: 0 1px 3px rgba(0,0,0,0.12), 0 1px 2px rgba(0,0,0,0.24);""> Keuntungan : {{ page.profit }} </i></p>        
        <p><b>Kondisi:</b> {{ page.kondisi }}</p>
        <p><b>Deskripsi:</b> {{ page.description }}</p>
        {% include buy.html %}
       </div><!--/product-information-->
      </div>
     </div><!--/product-details-->
     
     <div class=""category-tab shop-details-tab""><!--category-tab-->
      <div class=""col-sm-12"">
       <ul class=""nav nav-tabs"">
        <li class=""active""><a href=""{{ site.url }}{{ page.url }}#keterangan"" data-toggle=""tab"" title=""Keterangan"">Keterangan</a></li>        
       </ul>
      </div>
      <div class=""tab-content"">
       <div class=""tab-pane fade active in"" id=""keterangan"" >
        <div class=""col-sm-12"">
         <h2>{{ page.product }}</h2>         
         <ol class=""breadcrumb"">
            <li class=""active"">Tag :</li>
            <li><a href=""{{ site.url }}/{{ page.jenis }}"" title=""{{ page.jenis }}"">{{ page.jenis }}</a></li>
            <li><a href=""{{ site.url }}/{{ page.brand }}"" title=""{{ page.brand }}"">{{ page.brand }}</a></li>  
         </ol>         
         <p>Clutch / Hand Bag / Dompet Wanita - RNA 083 adalah salah satu produk merek Raindoz. Produk fashion handmade asal Bandung yang nyaman digunakan dan tidak pasaran. Cocok untuk Anda agar terlihat lebih gaya, tampil berbeda dan percaya diri. Dompet Wanita ini terbuat dari bahan SINTETIS.<br/>Kode : RNA 083<br/>Warna : COKLAT<br/>Bahan : SINTETIS<br/>Ukuran : AS<br/>Berat : 0.4 kg<br/>Info Lainnya = 22 X 5 X 12<br/>Yuk dibeli kak sebelum kehabisan. Sebelum membeli, harap cek/konfirmasi stok dulu ya kak, karena perputaran barang sangat cepat.<br>
         </p>

         <p><b>Gambar lain :</b></p>
                    <div class=""add-image"">
                      <a href=""{{ page.image1 }}"" target=""_blank"" title=""{{ page.product }}""><img src=""{{ page.image1 }}"" alt=""{{ page.product }}"" title=""Klik untuk memperbesar"" /></a>
                      <a href=""{{ page.image2 }}"" target=""_blank"" title=""{{ page.product }}""><img src=""{{ page.image2 }}"" alt=""{{ page.product }}"" title=""Klik untuk memperbesar"" /></a>
                      <a href=""{{ page.image3 }}"" target=""_blank"" title=""{{ page.product }}""><img src=""{{ page.image3 }}"" alt=""{{ page.product }}"" title=""Klik untuk memperbesar"" /></a>
                      <a href=""{{ page.image4 }}"" target=""_blank"" title=""{{ page.product }}""><img src=""{{ page.image4 }}"" alt=""{{ page.product }}"" title=""Klik untuk memperbesar"" /></a>                                            
                    </div>
                    <br/>

         <p style=""background-color: #5cb85c; color: #ffffff; padding: 5px; text-align: center; display: inline-block; box-shadow: 0 1px 3px rgba(0,0,0,0.12), 0 1px 2px rgba(0,0,0,0.24);"">
         Gudang : WRH-1<br>
         Lokasi : Bandung</p>

         {% include share.html %}

         {% include disqus.html %}
         
        </div>
       </div>       
       
      </div>
     </div><!--/category-tab-->",2017-10-17,html,dompet-wanita,raindoz,dompet-wanita,raindoz,"Dompet Wanita Bahan SINTETIS, Ukuran AS, Warna COKLAT",https://images.lipatan.com/katalog-raindoz-2017-2/foto-produk-satuan/406-rna-083.jpg,https://images.lipatan.com/katalog-raindoz-2017-2/foto-berbagai-sudut/rna-083-a.jpg,https://images.lipatan.com/katalog-raindoz-2017-2/foto-berbagai-sudut/rna-083-b.jpg,https://images.lipatan.com/katalog-raindoz-2017-2/foto-berbagai-sudut/rna-083-c.jpg,https://images.lipatan.com/katalog-raindoz-2017-2/foto-berbagai-sudut/rna-083-d.jpg,/,Clutch / Hand Bag / Dompet Wanita - RNA 083,Rp 74.900,Rp 87.900,Rp 13.000,RNA 083,Baru
Jual Clutch / Hand Bag / Dompet Wanita - RTB 008 Murah,clutch-hand-bag-dompet-wanita-rtb-008,"
     <div class=""product-details""><!--product-details-->
      <div class=""col-sm-5"">
       <div class=""view-product"">
        <img src=""{{ page.image }}"" alt=""{{ page.product }}"" title=""{{ page.product }}"" />
        <h3><a style=""text-decoration: none; color: #ffffff"" href=""{{ page.image }}"" target=""_blank"" title=""Klik disini untuk memperbesar"">ZOOM</a></h3>
       </div>
      </div>

      <div class=""col-sm-7"">
       <div class=""product-information""><!--/product-information-->
        <h1>{{ page.product }}</h1>
        <p>SKU: {{ page.sku }}</p>
        <img src=""{{ site.url }}/img/rating.png"" alt=""rating"" title=""rating"" /><br>
        <span>
         <span>{{ page.price }}</span>        
         <label>Stok:<a href=""http://stok.lipatan.com"" target=""_blank"" title=""Cek Stok"">
          <script type=""text/javascript"">
          <!--
          document.write(unescape('%3c%62%75%74%74%6f%6e%20%74%79%70%65%3d%22%62%75%74%74%6f%6e%22%20%63%6c%61%73%73%3d%22%62%74%6e%20%62%74%6e%2d%66%65%66%61%75%6c%74%20%63%61%72%74%22%3e%09%09%09%09%09%09%09%09%09%09%3c%69%20%63%6c%61%73%73%3d%22%66%61%20%66%61%2d%73%68%6f%70%70%69%6e%67%2d%63%61%72%74%22%3e%3c%2f%69%3e%09%09%09%09%09%09%09%09%09%09%43%65%6b%20%53%74%6f%6b%3c%2f%62%75%74%74%6f%6e%3e'));
          //-->
          </script>
          </a>
         </label>
        </span>
        <p><i style=""background-color: #f0ad4e; color: #ffffff; padding: 5px; margin-bottom: 3px; text-align: center; display: inline-block; box-shadow: 0 1px 3px rgba(0,0,0,0.12), 0 1px 2px rgba(0,0,0,0.24);""> Harga Beli : {{ page.price }} </i>  <i style=""background-color: #5bc0de; color: #ffffff; padding: 5px; margin-bottom: 3px; text-align: center; display: inline-block; box-shadow: 0 1px 3px rgba(0,0,0,0.12), 0 1px 2px rgba(0,0,0,0.24);""> Harga Jual : {{ page.hargajual }} </i>  <i style=""background-color: #5cb85c; color: #ffffff; padding: 5px; margin-bottom: 3px; text-align: center; display: inline-block; box-shadow: 0 1px 3px rgba(0,0,0,0.12), 0 1px 2px rgba(0,0,0,0.24);""> Keuntungan : {{ page.profit }} </i></p>        
        <p><b>Kondisi:</b> {{ page.kondisi }}</p>
        <p><b>Deskripsi:</b> {{ page.description }}</p>
        {% include buy.html %}
       </div><!--/product-information-->
      </div>
     </div><!--/product-details-->
     
     <div class=""category-tab shop-details-tab""><!--category-tab-->
      <div class=""col-sm-12"">
       <ul class=""nav nav-tabs"">
        <li class=""active""><a href=""{{ site.url }}{{ page.url }}#keterangan"" data-toggle=""tab"" title=""Keterangan"">Keterangan</a></li>        
       </ul>
      </div>
      <div class=""tab-content"">
       <div class=""tab-pane fade active in"" id=""keterangan"" >
        <div class=""col-sm-12"">
         <h2>{{ page.product }}</h2>         
         <ol class=""breadcrumb"">
            <li class=""active"">Tag :</li>
            <li><a href=""{{ site.url }}/{{ page.jenis }}"" title=""{{ page.jenis }}"">{{ page.jenis }}</a></li>
            <li><a href=""{{ site.url }}/{{ page.brand }}"" title=""{{ page.brand }}"">{{ page.brand }}</a></li>  
         </ol>         
         <p>Clutch / Hand Bag / Dompet Wanita - RTB 008 adalah salah satu produk merek Raindoz. Produk fashion handmade asal Bandung yang nyaman digunakan dan tidak pasaran. Cocok untuk Anda agar terlihat lebih gaya, tampil berbeda dan percaya diri. Dompet Wanita ini terbuat dari bahan SINTETIS.<br/>Kode : RTB 008<br/>Warna : HITAM<br/>Bahan : SINTETIS<br/>Ukuran : AS<br/>Berat : 0.4 kg<br/>Info Lainnya = 23 X 3 X 13<br/>Yuk dibeli kak sebelum kehabisan. Sebelum membeli, harap cek/konfirmasi stok dulu ya kak, karena perputaran barang sangat cepat.<br>
         </p>

         <p><b>Gambar lain :</b></p>
                    <div class=""add-image"">
                      <a href=""{{ page.image1 }}"" target=""_blank"" title=""{{ page.product }}""><img src=""{{ page.image1 }}"" alt=""{{ page.product }}"" title=""Klik untuk memperbesar"" /></a>
                      <a href=""{{ page.image2 }}"" target=""_blank"" title=""{{ page.product }}""><img src=""{{ page.image2 }}"" alt=""{{ page.product }}"" title=""Klik untuk memperbesar"" /></a>
                      <a href=""{{ page.image3 }}"" target=""_blank"" title=""{{ page.product }}""><img src=""{{ page.image3 }}"" alt=""{{ page.product }}"" title=""Klik untuk memperbesar"" /></a>
                      <a href=""{{ page.image4 }}"" target=""_blank"" title=""{{ page.product }}""><img src=""{{ page.image4 }}"" alt=""{{ page.product }}"" title=""Klik untuk memperbesar"" /></a>                                            
                    </div>
                    <br/>

         <p style=""background-color: #5cb85c; color: #ffffff; padding: 5px; text-align: center; display: inline-block; box-shadow: 0 1px 3px rgba(0,0,0,0.12), 0 1px 2px rgba(0,0,0,0.24);"">
         Gudang : WRH-1<br>
         Lokasi : Bandung</p>

         {% include share.html %}

         {% include disqus.html %}
         
        </div>
       </div>       
       
      </div>
     </div><!--/category-tab-->",2017-10-17,html,dompet-wanita,raindoz,dompet-wanita,raindoz,"Dompet Wanita Bahan SINTETIS, Ukuran AS, Warna HITAM",https://images.lipatan.com/katalog-raindoz-2017-2/foto-produk-satuan/407-rtb-008.jpg,https://images.lipatan.com/katalog-raindoz-2017-2/foto-berbagai-sudut/rtb-008-a.jpg,https://images.lipatan.com/katalog-raindoz-2017-2/foto-berbagai-sudut/rtb-008-b.jpg,https://images.lipatan.com/katalog-raindoz-2017-2/foto-berbagai-sudut/rtb-008-c.jpg,https://images.lipatan.com/katalog-raindoz-2017-2/foto-berbagai-sudut/rtb-008-d.jpg,/,Clutch / Hand Bag / Dompet Wanita - RTB 008,Rp 70.400,Rp 82.900,Rp 12.500,RTB 008,Baru
Jual Clutch / Hand Bag / Dompet Wanita - RRW 001 Murah,clutch-hand-bag-dompet-wanita-rrw-001,"
     <div class=""product-details""><!--product-details-->
      <div class=""col-sm-5"">
       <div class=""view-product"">
        <img src=""{{ page.image }}"" alt=""{{ page.product }}"" title=""{{ page.product }}"" />
        <h3><a style=""text-decoration: none; color: #ffffff"" href=""{{ page.image }}"" target=""_blank"" title=""Klik disini untuk memperbesar"">ZOOM</a></h3>
       </div>
      </div>

      <div class=""col-sm-7"">
       <div class=""product-information""><!--/product-information-->
        <h1>{{ page.product }}</h1>
        <p>SKU: {{ page.sku }}</p>
        <img src=""{{ site.url }}/img/rating.png"" alt=""rating"" title=""rating"" /><br>
        <span>
         <span>{{ page.price }}</span>        
         <label>Stok:<a href=""http://stok.lipatan.com"" target=""_blank"" title=""Cek Stok"">
          <script type=""text/javascript"">
          <!--
          document.write(unescape('%3c%62%75%74%74%6f%6e%20%74%79%70%65%3d%22%62%75%74%74%6f%6e%22%20%63%6c%61%73%73%3d%22%62%74%6e%20%62%74%6e%2d%66%65%66%61%75%6c%74%20%63%61%72%74%22%3e%09%09%09%09%09%09%09%09%09%09%3c%69%20%63%6c%61%73%73%3d%22%66%61%20%66%61%2d%73%68%6f%70%70%69%6e%67%2d%63%61%72%74%22%3e%3c%2f%69%3e%09%09%09%09%09%09%09%09%09%09%43%65%6b%20%53%74%6f%6b%3c%2f%62%75%74%74%6f%6e%3e'));
          //-->
          </script>
          </a>
         </label>
        </span>
        <p><i style=""background-color: #f0ad4e; color: #ffffff; padding: 5px; margin-bottom: 3px; text-align: center; display: inline-block; box-shadow: 0 1px 3px rgba(0,0,0,0.12), 0 1px 2px rgba(0,0,0,0.24);""> Harga Beli : {{ page.price }} </i>  <i style=""background-color: #5bc0de; color: #ffffff; padding: 5px; margin-bottom: 3px; text-align: center; display: inline-block; box-shadow: 0 1px 3px rgba(0,0,0,0.12), 0 1px 2px rgba(0,0,0,0.24);""> Harga Jual : {{ page.hargajual }} </i>  <i style=""background-color: #5cb85c; color: #ffffff; padding: 5px; margin-bottom: 3px; text-align: center; display: inline-block; box-shadow: 0 1px 3px rgba(0,0,0,0.12), 0 1px 2px rgba(0,0,0,0.24);""> Keuntungan : {{ page.profit }} </i></p>        
        <p><b>Kondisi:</b> {{ page.kondisi }}</p>
        <p><b>Deskripsi:</b> {{ page.description }}</p>
        {% include buy.html %}
       </div><!--/product-information-->
      </div>
     </div><!--/product-details-->
     
     <div class=""category-tab shop-details-tab""><!--category-tab-->
      <div class=""col-sm-12"">
       <ul class=""nav nav-tabs"">
        <li class=""active""><a href=""{{ site.url }}{{ page.url }}#keterangan"" data-toggle=""tab"" title=""Keterangan"">Keterangan</a></li>        
       </ul>
      </div>
      <div class=""tab-content"">
       <div class=""tab-pane fade active in"" id=""keterangan"" >
        <div class=""col-sm-12"">
         <h2>{{ page.product }}</h2>         
         <ol class=""breadcrumb"">
            <li class=""active"">Tag :</li>
            <li><a href=""{{ site.url }}/{{ page.jenis }}"" title=""{{ page.jenis }}"">{{ page.jenis }}</a></li>
            <li><a href=""{{ site.url }}/{{ page.brand }}"" title=""{{ page.brand }}"">{{ page.brand }}</a></li>  
         </ol>         
         <p>Clutch / Hand Bag / Dompet Wanita - RRW 001 adalah salah satu produk merek Raindoz. Produk fashion handmade asal Bandung yang nyaman digunakan dan tidak pasaran. Cocok untuk Anda agar terlihat lebih gaya, tampil berbeda dan percaya diri. Dompet Wanita ini terbuat dari bahan SINTETIS.<br/>Kode : RRW 001<br/>Warna : PINK<br/>Bahan : SINTETIS<br/>Ukuran : AS<br/>Berat : 0.4 kg<br/>Info Lainnya = 25 X 7 X 13<br/>Yuk dibeli kak sebelum kehabisan. Sebelum membeli, harap cek/konfirmasi stok dulu ya kak, karena perputaran barang sangat cepat.<br>
         </p>

         <p><b>Gambar lain :</b></p>
                    <div class=""add-image"">
                      <a href=""{{ page.image1 }}"" target=""_blank"" title=""{{ page.product }}""><img src=""{{ page.image1 }}"" alt=""{{ page.product }}"" title=""Klik untuk memperbesar"" /></a>
                      <a href=""{{ page.image2 }}"" target=""_blank"" title=""{{ page.product }}""><img src=""{{ page.image2 }}"" alt=""{{ page.product }}"" title=""Klik untuk memperbesar"" /></a>
                      <a href=""{{ page.image3 }}"" target=""_blank"" title=""{{ page.product }}""><img src=""{{ page.image3 }}"" alt=""{{ page.product }}"" title=""Klik untuk memperbesar"" /></a>
                      <a href=""{{ page.image4 }}"" target=""_blank"" title=""{{ page.product }}""><img src=""{{ page.image4 }}"" alt=""{{ page.product }}"" title=""Klik untuk memperbesar"" /></a>                                            
                    </div>
                    <br/>

         <p style=""background-color: #5cb85c; color: #ffffff; padding: 5px; text-align: center; display: inline-block; box-shadow: 0 1px 3px rgba(0,0,0,0.12), 0 1px 2px rgba(0,0,0,0.24);"">
         Gudang : WRH-1<br>
         Lokasi : Bandung</p>

         {% include share.html %}

         {% include disqus.html %}
         
        </div>
       </div>       
       
      </div>
     </div><!--/category-tab-->",2017-10-17,html,dompet-wanita,raindoz,dompet-wanita,raindoz,"Dompet Wanita Bahan SINTETIS, Ukuran AS, Warna PINK",https://images.lipatan.com/katalog-raindoz-2017-2/foto-produk-satuan/408-rrw-001.jpg,https://images.lipatan.com/katalog-raindoz-2017-2/foto-berbagai-sudut/rrw-001-a.jpg,https://images.lipatan.com/katalog-raindoz-2017-2/foto-berbagai-sudut/rrw-001-b.jpg,https://images.lipatan.com/katalog-raindoz-2017-2/foto-berbagai-sudut/rrw-001-c.jpg,https://images.lipatan.com/katalog-raindoz-2017-2/foto-berbagai-sudut/rrw-001-d.jpg,/,Clutch / Hand Bag / Dompet Wanita - RRW 001,Rp 67.400,Rp 78.900,Rp 11.500,RRW 001,Baru
Jual Clutch / Hand Bag / Dompet Wanita - RNA 055 Murah,clutch-hand-bag-dompet-wanita-rna-055,"
     <div class=""product-details""><!--product-details-->
      <div class=""col-sm-5"">
       <div class=""view-product"">
        <img src=""{{ page.image }}"" alt=""{{ page.product }}"" title=""{{ page.product }}"" />
        <h3><a style=""text-decoration: none; color: #ffffff"" href=""{{ page.image }}"" target=""_blank"" title=""Klik disini untuk memperbesar"">ZOOM</a></h3>
       </div>
      </div>

      <div class=""col-sm-7"">
       <div class=""product-information""><!--/product-information-->
        <h1>{{ page.product }}</h1>
        <p>SKU: {{ page.sku }}</p>
        <img src=""{{ site.url }}/img/rating.png"" alt=""rating"" title=""rating"" /><br>
        <span>
         <span>{{ page.price }}</span>        
         <label>Stok:<a href=""http://stok.lipatan.com"" target=""_blank"" title=""Cek Stok"">
          <script type=""text/javascript"">
          <!--
          document.write(unescape('%3c%62%75%74%74%6f%6e%20%74%79%70%65%3d%22%62%75%74%74%6f%6e%22%20%63%6c%61%73%73%3d%22%62%74%6e%20%62%74%6e%2d%66%65%66%61%75%6c%74%20%63%61%72%74%22%3e%09%09%09%09%09%09%09%09%09%09%3c%69%20%63%6c%61%73%73%3d%22%66%61%20%66%61%2d%73%68%6f%70%70%69%6e%67%2d%63%61%72%74%22%3e%3c%2f%69%3e%09%09%09%09%09%09%09%09%09%09%43%65%6b%20%53%74%6f%6b%3c%2f%62%75%74%74%6f%6e%3e'));
          //-->
          </script>
          </a>
         </label>
        </span>
        <p><i style=""background-color: #f0ad4e; color: #ffffff; padding: 5px; margin-bottom: 3px; text-align: center; display: inline-block; box-shadow: 0 1px 3px rgba(0,0,0,0.12), 0 1px 2px rgba(0,0,0,0.24);""> Harga Beli : {{ page.price }} </i>  <i style=""background-color: #5bc0de; color: #ffffff; padding: 5px; margin-bottom: 3px; text-align: center; display: inline-block; box-shadow: 0 1px 3px rgba(0,0,0,0.12), 0 1px 2px rgba(0,0,0,0.24);""> Harga Jual : {{ page.hargajual }} </i>  <i style=""background-color: #5cb85c; color: #ffffff; padding: 5px; margin-bottom: 3px; text-align: center; display: inline-block; box-shadow: 0 1px 3px rgba(0,0,0,0.12), 0 1px 2px rgba(0,0,0,0.24);""> Keuntungan : {{ page.profit }} </i></p>        
        <p><b>Kondisi:</b> {{ page.kondisi }}</p>
        <p><b>Deskripsi:</b> {{ page.description }}</p>
        {% include buy.html %}
       </div><!--/product-information-->
      </div>
     </div><!--/product-details-->
     
     <div class=""category-tab shop-details-tab""><!--category-tab-->
      <div class=""col-sm-12"">
       <ul class=""nav nav-tabs"">
        <li class=""active""><a href=""{{ site.url }}{{ page.url }}#keterangan"" data-toggle=""tab"" title=""Keterangan"">Keterangan</a></li>        
       </ul>
      </div>
      <div class=""tab-content"">
       <div class=""tab-pane fade active in"" id=""keterangan"" >
        <div class=""col-sm-12"">
         <h2>{{ page.product }}</h2>         
         <ol class=""breadcrumb"">
            <li class=""active"">Tag :</li>
            <li><a href=""{{ site.url }}/{{ page.jenis }}"" title=""{{ page.jenis }}"">{{ page.jenis }}</a></li>
            <li><a href=""{{ site.url }}/{{ page.brand }}"" title=""{{ page.brand }}"">{{ page.brand }}</a></li>  
         </ol>         
         <p>Clutch / Hand Bag / Dompet Wanita - RNA 055 adalah salah satu produk merek Raindoz. Produk fashion handmade asal Bandung yang nyaman digunakan dan tidak pasaran. Cocok untuk Anda agar terlihat lebih gaya, tampil berbeda dan percaya diri. Dompet Wanita ini terbuat dari bahan SINTETIS.<br/>Kode : RNA 055<br/>Warna : ABU ABU<br/>Bahan : SINTETIS<br/>Ukuran : AS<br/>Berat : 0.4 kg<br/>Info Lainnya = 23 X 4 X 13<br/>Yuk dibeli kak sebelum kehabisan. Sebelum membeli, harap cek/konfirmasi stok dulu ya kak, karena perputaran barang sangat cepat.<br>
         </p>

         <p><b>Gambar lain :</b></p>
                    <div class=""add-image"">
                      <a href=""{{ page.image1 }}"" target=""_blank"" title=""{{ page.product }}""><img src=""{{ page.image1 }}"" alt=""{{ page.product }}"" title=""Klik untuk memperbesar"" /></a>
                      <a href=""{{ page.image2 }}"" target=""_blank"" title=""{{ page.product }}""><img src=""{{ page.image2 }}"" alt=""{{ page.product }}"" title=""Klik untuk memperbesar"" /></a>
                      <a href=""{{ page.image3 }}"" target=""_blank"" title=""{{ page.product }}""><img src=""{{ page.image3 }}"" alt=""{{ page.product }}"" title=""Klik untuk memperbesar"" /></a>
                      <a href=""{{ page.image4 }}"" target=""_blank"" title=""{{ page.product }}""><img src=""{{ page.image4 }}"" alt=""{{ page.product }}"" title=""Klik untuk memperbesar"" /></a>                                            
                    </div>
                    <br/>

         <p style=""background-color: #5cb85c; color: #ffffff; padding: 5px; text-align: center; display: inline-block; box-shadow: 0 1px 3px rgba(0,0,0,0.12), 0 1px 2px rgba(0,0,0,0.24);"">
         Gudang : WRH-1<br>
         Lokasi : Bandung</p>

         {% include share.html %}

         {% include disqus.html %}
         
        </div>
       </div>       
       
      </div>
     </div><!--/category-tab-->",2017-10-17,html,dompet-wanita,raindoz,dompet-wanita,raindoz,"Dompet Wanita Bahan SINTETIS, Ukuran AS, Warna ABU ABU",https://images.lipatan.com/katalog-raindoz-2017-2/foto-produk-satuan/409-rna-055.jpg,https://images.lipatan.com/katalog-raindoz-2017-2/foto-berbagai-sudut/rna-055-a.jpg,https://images.lipatan.com/katalog-raindoz-2017-2/foto-berbagai-sudut/rna-055-b.jpg,https://images.lipatan.com/katalog-raindoz-2017-2/foto-berbagai-sudut/rna-055-c.jpg,https://images.lipatan.com/katalog-raindoz-2017-2/foto-berbagai-sudut/rna-055-d.jpg,/,Clutch / Hand Bag / Dompet Wanita - RNA 055,Rp 76.400,Rp 89.900,Rp 13.500,RNA 055,Baru
Jual Clutch / Hand Bag / Dompet Wanita - RRW 005 Murah,clutch-hand-bag-dompet-wanita-rrw-005,"
     <div class=""product-details""><!--product-details-->
      <div class=""col-sm-5"">
       <div class=""view-product"">
        <img src=""{{ page.image }}"" alt=""{{ page.product }}"" title=""{{ page.product }}"" />
        <h3><a style=""text-decoration: none; color: #ffffff"" href=""{{ page.image }}"" target=""_blank"" title=""Klik disini untuk memperbesar"">ZOOM</a></h3>
       </div>
      </div>

      <div class=""col-sm-7"">
       <div class=""product-information""><!--/product-information-->
        <h1>{{ page.product }}</h1>
        <p>SKU: {{ page.sku }}</p>
        <img src=""{{ site.url }}/img/rating.png"" alt=""rating"" title=""rating"" /><br>
        <span>
         <span>{{ page.price }}</span>        
         <label>Stok:<a href=""http://stok.lipatan.com"" target=""_blank"" title=""Cek Stok"">
          <script type=""text/javascript"">
          <!--
          document.write(unescape('%3c%62%75%74%74%6f%6e%20%74%79%70%65%3d%22%62%75%74%74%6f%6e%22%20%63%6c%61%73%73%3d%22%62%74%6e%20%62%74%6e%2d%66%65%66%61%75%6c%74%20%63%61%72%74%22%3e%09%09%09%09%09%09%09%09%09%09%3c%69%20%63%6c%61%73%73%3d%22%66%61%20%66%61%2d%73%68%6f%70%70%69%6e%67%2d%63%61%72%74%22%3e%3c%2f%69%3e%09%09%09%09%09%09%09%09%09%09%43%65%6b%20%53%74%6f%6b%3c%2f%62%75%74%74%6f%6e%3e'));
          //-->
          </script>
          </a>
         </label>
        </span>
        <p><i style=""background-color: #f0ad4e; color: #ffffff; padding: 5px; margin-bottom: 3px; text-align: center; display: inline-block; box-shadow: 0 1px 3px rgba(0,0,0,0.12), 0 1px 2px rgba(0,0,0,0.24);""> Harga Beli : {{ page.price }} </i>  <i style=""background-color: #5bc0de; color: #ffffff; padding: 5px; margin-bottom: 3px; text-align: center; display: inline-block; box-shadow: 0 1px 3px rgba(0,0,0,0.12), 0 1px 2px rgba(0,0,0,0.24);""> Harga Jual : {{ page.hargajual }} </i>  <i style=""background-color: #5cb85c; color: #ffffff; padding: 5px; margin-bottom: 3px; text-align: center; display: inline-block; box-shadow: 0 1px 3px rgba(0,0,0,0.12), 0 1px 2px rgba(0,0,0,0.24);""> Keuntungan : {{ page.profit }} </i></p>        
        <p><b>Kondisi:</b> {{ page.kondisi }}</p>
        <p><b>Deskripsi:</b> {{ page.description }}</p>
        {% include buy.html %}
       </div><!--/product-information-->
      </div>
     </div><!--/product-details-->
     
     <div class=""category-tab shop-details-tab""><!--category-tab-->
      <div class=""col-sm-12"">
       <ul class=""nav nav-tabs"">
        <li class=""active""><a href=""{{ site.url }}{{ page.url }}#keterangan"" data-toggle=""tab"" title=""Keterangan"">Keterangan</a></li>        
       </ul>
      </div>
      <div class=""tab-content"">
       <div class=""tab-pane fade active in"" id=""keterangan"" >
        <div class=""col-sm-12"">
         <h2>{{ page.product }}</h2>         
         <ol class=""breadcrumb"">
            <li class=""active"">Tag :</li>
            <li><a href=""{{ site.url }}/{{ page.jenis }}"" title=""{{ page.jenis }}"">{{ page.jenis }}</a></li>
            <li><a href=""{{ site.url }}/{{ page.brand }}"" title=""{{ page.brand }}"">{{ page.brand }}</a></li>  
         </ol>         
         <p>Clutch / Hand Bag / Dompet Wanita - RRW 005 adalah salah satu produk merek Raindoz. Produk fashion handmade asal Bandung yang nyaman digunakan dan tidak pasaran. Cocok untuk Anda agar terlihat lebih gaya, tampil berbeda dan percaya diri. Dompet Wanita ini terbuat dari bahan SINTETIS.<br/>Kode : RRW 005<br/>Warna : BIRU KOMBINASI<br/>Bahan : SINTETIS<br/>Ukuran : AS<br/>Berat : 0.4 kg<br/>Info Lainnya = 25 X 7 X 13<br/>Yuk dibeli kak sebelum kehabisan. Sebelum membeli, harap cek/konfirmasi stok dulu ya kak, karena perputaran barang sangat cepat.<br>
         </p>

         <p><b>Gambar lain :</b></p>
                    <div class=""add-image"">
                      <a href=""{{ page.image1 }}"" target=""_blank"" title=""{{ page.product }}""><img src=""{{ page.image1 }}"" alt=""{{ page.product }}"" title=""Klik untuk memperbesar"" /></a>
                      <a href=""{{ page.image2 }}"" target=""_blank"" title=""{{ page.product }}""><img src=""{{ page.image2 }}"" alt=""{{ page.product }}"" title=""Klik untuk memperbesar"" /></a>
                      <a href=""{{ page.image3 }}"" target=""_blank"" title=""{{ page.product }}""><img src=""{{ page.image3 }}"" alt=""{{ page.product }}"" title=""Klik untuk memperbesar"" /></a>
                      <a href=""{{ page.image4 }}"" target=""_blank"" title=""{{ page.product }}""><img src=""{{ page.image4 }}"" alt=""{{ page.product }}"" title=""Klik untuk memperbesar"" /></a>                                            
                    </div>
                    <br/>

         <p style=""background-color: #5cb85c; color: #ffffff; padding: 5px; text-align: center; display: inline-block; box-shadow: 0 1px 3px rgba(0,0,0,0.12), 0 1px 2px rgba(0,0,0,0.24);"">
         Gudang : WRH-1<br>
         Lokasi : Bandung</p>

         {% include share.html %}

         {% include disqus.html %}
         
        </div>
       </div>       
       
      </div>
     </div><!--/category-tab-->",2017-10-17,html,dompet-wanita,raindoz,dompet-wanita,raindoz,"Dompet Wanita Bahan SINTETIS, Ukuran AS, Warna BIRU KOMBINASI",https://images.lipatan.com/katalog-raindoz-2017-2/foto-produk-satuan/410-rrw-005.jpg,https://images.lipatan.com/katalog-raindoz-2017-2/foto-berbagai-sudut/rrw-005-a.jpg,https://images.lipatan.com/katalog-raindoz-2017-2/foto-berbagai-sudut/rrw-005-b.jpg,https://images.lipatan.com/katalog-raindoz-2017-2/foto-berbagai-sudut/rrw-005-c.jpg,https://images.lipatan.com/katalog-raindoz-2017-2/foto-berbagai-sudut/rrw-005-d.jpg,/,Clutch / Hand Bag / Dompet Wanita - RRW 005,Rp 67.400,Rp 78.900,Rp 11.500,RRW 005,Baru
Jual Clutch / Hand Bag / Dompet Wanita - RRW 011 Murah,clutch-hand-bag-dompet-wanita-rrw-011,"
     <div class=""product-details""><!--product-details-->
      <div class=""col-sm-5"">
       <div class=""view-product"">
        <img src=""{{ page.image }}"" alt=""{{ page.product }}"" title=""{{ page.product }}"" />
        <h3><a style=""text-decoration: none; color: #ffffff"" href=""{{ page.image }}"" target=""_blank"" title=""Klik disini untuk memperbesar"">ZOOM</a></h3>
       </div>
      </div>

      <div class=""col-sm-7"">
       <div class=""product-information""><!--/product-information-->
        <h1>{{ page.product }}</h1>
        <p>SKU: {{ page.sku }}</p>
        <img src=""{{ site.url }}/img/rating.png"" alt=""rating"" title=""rating"" /><br>
        <span>
         <span>{{ page.price }}</span>        
         <label>Stok:<a href=""http://stok.lipatan.com"" target=""_blank"" title=""Cek Stok"">
          <script type=""text/javascript"">
          <!--
          document.write(unescape('%3c%62%75%74%74%6f%6e%20%74%79%70%65%3d%22%62%75%74%74%6f%6e%22%20%63%6c%61%73%73%3d%22%62%74%6e%20%62%74%6e%2d%66%65%66%61%75%6c%74%20%63%61%72%74%22%3e%09%09%09%09%09%09%09%09%09%09%3c%69%20%63%6c%61%73%73%3d%22%66%61%20%66%61%2d%73%68%6f%70%70%69%6e%67%2d%63%61%72%74%22%3e%3c%2f%69%3e%09%09%09%09%09%09%09%09%09%09%43%65%6b%20%53%74%6f%6b%3c%2f%62%75%74%74%6f%6e%3e'));
          //-->
          </script>
          </a>
         </label>
        </span>
        <p><i style=""background-color: #f0ad4e; color: #ffffff; padding: 5px; margin-bottom: 3px; text-align: center; display: inline-block; box-shadow: 0 1px 3px rgba(0,0,0,0.12), 0 1px 2px rgba(0,0,0,0.24);""> Harga Beli : {{ page.price }} </i>  <i style=""background-color: #5bc0de; color: #ffffff; padding: 5px; margin-bottom: 3px; text-align: center; display: inline-block; box-shadow: 0 1px 3px rgba(0,0,0,0.12), 0 1px 2px rgba(0,0,0,0.24);""> Harga Jual : {{ page.hargajual }} </i>  <i style=""background-color: #5cb85c; color: #ffffff; padding: 5px; margin-bottom: 3px; text-align: center; display: inline-block; box-shadow: 0 1px 3px rgba(0,0,0,0.12), 0 1px 2px rgba(0,0,0,0.24);""> Keuntungan : {{ page.profit }} </i></p>        
        <p><b>Kondisi:</b> {{ page.kondisi }}</p>
        <p><b>Deskripsi:</b> {{ page.description }}</p>
        {% include buy.html %}
       </div><!--/product-information-->
      </div>
     </div><!--/product-details-->
     
     <div class=""category-tab shop-details-tab""><!--category-tab-->
      <div class=""col-sm-12"">
       <ul class=""nav nav-tabs"">
        <li class=""active""><a href=""{{ site.url }}{{ page.url }}#keterangan"" data-toggle=""tab"" title=""Keterangan"">Keterangan</a></li>        
       </ul>
      </div>
      <div class=""tab-content"">
       <div class=""tab-pane fade active in"" id=""keterangan"" >
        <div class=""col-sm-12"">
         <h2>{{ page.product }}</h2>         
         <ol class=""breadcrumb"">
            <li class=""active"">Tag :</li>
            <li><a href=""{{ site.url }}/{{ page.jenis }}"" title=""{{ page.jenis }}"">{{ page.jenis }}</a></li>
            <li><a href=""{{ site.url }}/{{ page.brand }}"" title=""{{ page.brand }}"">{{ page.brand }}</a></li>  
         </ol>         
         <p>Clutch / Hand Bag / Dompet Wanita - RRW 011 adalah salah satu produk merek Raindoz. Produk fashion handmade asal Bandung yang nyaman digunakan dan tidak pasaran. Cocok untuk Anda agar terlihat lebih gaya, tampil berbeda dan percaya diri. Dompet Wanita ini terbuat dari bahan SINTETIS.<br/>Kode : RRW 011<br/>Warna : PINK KOMBINASI<br/>Bahan : SINTETIS<br/>Ukuran : AS<br/>Berat : 0.4 kg<br/>Info Lainnya = 28 X 5 X 14<br/>Yuk dibeli kak sebelum kehabisan. Sebelum membeli, harap cek/konfirmasi stok dulu ya kak, karena perputaran barang sangat cepat.<br>
         </p>

         <p><b>Gambar lain :</b></p>
                    <div class=""add-image"">
                      <a href=""{{ page.image1 }}"" target=""_blank"" title=""{{ page.product }}""><img src=""{{ page.image1 }}"" alt=""{{ page.product }}"" title=""Klik untuk memperbesar"" /></a>
                      <a href=""{{ page.image2 }}"" target=""_blank"" title=""{{ page.product }}""><img src=""{{ page.image2 }}"" alt=""{{ page.product }}"" title=""Klik untuk memperbesar"" /></a>
                      <a href=""{{ page.image3 }}"" target=""_blank"" title=""{{ page.product }}""><img src=""{{ page.image3 }}"" alt=""{{ page.product }}"" title=""Klik untuk memperbesar"" /></a>
                      <a href=""{{ page.image4 }}"" target=""_blank"" title=""{{ page.product }}""><img src=""{{ page.image4 }}"" alt=""{{ page.product }}"" title=""Klik untuk memperbesar"" /></a>                                            
                    </div>
                    <br/>

         <p style=""background-color: #5cb85c; color: #ffffff; padding: 5px; text-align: center; display: inline-block; box-shadow: 0 1px 3px rgba(0,0,0,0.12), 0 1px 2px rgba(0,0,0,0.24);"">
         Gudang : WRH-1<br>
         Lokasi : Bandung</p>

         {% include share.html %}

         {% include disqus.html %}
         
        </div>
       </div>       
       
      </div>
     </div><!--/category-tab-->",2017-10-17,html,dompet-wanita,raindoz,dompet-wanita,raindoz,"Dompet Wanita Bahan SINTETIS, Ukuran AS, Warna PINK KOMBINASI",https://images.lipatan.com/katalog-raindoz-2017-2/foto-produk-satuan/411-rrw-011.jpg,https://images.lipatan.com/katalog-raindoz-2017-2/foto-berbagai-sudut/rrw-011-a.jpg,https://images.lipatan.com/katalog-raindoz-2017-2/foto-berbagai-sudut/rrw-011-b.jpg,https://images.lipatan.com/katalog-raindoz-2017-2/foto-berbagai-sudut/rrw-011-c.jpg,https://images.lipatan.com/katalog-raindoz-2017-2/foto-berbagai-sudut/rrw-011-d.jpg,/,Clutch / Hand Bag / Dompet Wanita - RRW 011,Rp 73.400,Rp 85.900,Rp 12.500,RRW 011,Baru
Jual Clutch / Hand Bag / Dompet Wanita - RRW 006 Murah,clutch-hand-bag-dompet-wanita-rrw-006,"
     <div class=""product-details""><!--product-details-->
      <div class=""col-sm-5"">
       <div class=""view-product"">
        <img src=""{{ page.image }}"" alt=""{{ page.product }}"" title=""{{ page.product }}"" />
        <h3><a style=""text-decoration: none; color: #ffffff"" href=""{{ page.image }}"" target=""_blank"" title=""Klik disini untuk memperbesar"">ZOOM</a></h3>
       </div>
      </div>

      <div class=""col-sm-7"">
       <div class=""product-information""><!--/product-information-->
        <h1>{{ page.product }}</h1>
        <p>SKU: {{ page.sku }}</p>
        <img src=""{{ site.url }}/img/rating.png"" alt=""rating"" title=""rating"" /><br>
        <span>
         <span>{{ page.price }}</span>        
         <label>Stok:<a href=""http://stok.lipatan.com"" target=""_blank"" title=""Cek Stok"">
          <script type=""text/javascript"">
          <!--
          document.write(unescape('%3c%62%75%74%74%6f%6e%20%74%79%70%65%3d%22%62%75%74%74%6f%6e%22%20%63%6c%61%73%73%3d%22%62%74%6e%20%62%74%6e%2d%66%65%66%61%75%6c%74%20%63%61%72%74%22%3e%09%09%09%09%09%09%09%09%09%09%3c%69%20%63%6c%61%73%73%3d%22%66%61%20%66%61%2d%73%68%6f%70%70%69%6e%67%2d%63%61%72%74%22%3e%3c%2f%69%3e%09%09%09%09%09%09%09%09%09%09%43%65%6b%20%53%74%6f%6b%3c%2f%62%75%74%74%6f%6e%3e'));
          //-->
          </script>
          </a>
         </label>
        </span>
        <p><i style=""background-color: #f0ad4e; color: #ffffff; padding: 5px; margin-bottom: 3px; text-align: center; display: inline-block; box-shadow: 0 1px 3px rgba(0,0,0,0.12), 0 1px 2px rgba(0,0,0,0.24);""> Harga Beli : {{ page.price }} </i>  <i style=""background-color: #5bc0de; color: #ffffff; padding: 5px; margin-bottom: 3px; text-align: center; display: inline-block; box-shadow: 0 1px 3px rgba(0,0,0,0.12), 0 1px 2px rgba(0,0,0,0.24);""> Harga Jual : {{ page.hargajual }} </i>  <i style=""background-color: #5cb85c; color: #ffffff; padding: 5px; margin-bottom: 3px; text-align: center; display: inline-block; box-shadow: 0 1px 3px rgba(0,0,0,0.12), 0 1px 2px rgba(0,0,0,0.24);""> Keuntungan : {{ page.profit }} </i></p>        
        <p><b>Kondisi:</b> {{ page.kondisi }}</p>
        <p><b>Deskripsi:</b> {{ page.description }}</p>
        {% include buy.html %}
       </div><!--/product-information-->
      </div>
     </div><!--/product-details-->
     
     <div class=""category-tab shop-details-tab""><!--category-tab-->
      <div class=""col-sm-12"">
       <ul class=""nav nav-tabs"">
        <li class=""active""><a href=""{{ site.url }}{{ page.url }}#keterangan"" data-toggle=""tab"" title=""Keterangan"">Keterangan</a></li>        
       </ul>
      </div>
      <div class=""tab-content"">
       <div class=""tab-pane fade active in"" id=""keterangan"" >
        <div class=""col-sm-12"">
         <h2>{{ page.product }}</h2>         
         <ol class=""breadcrumb"">
            <li class=""active"">Tag :</li>
            <li><a href=""{{ site.url }}/{{ page.jenis }}"" title=""{{ page.jenis }}"">{{ page.jenis }}</a></li>
            <li><a href=""{{ site.url }}/{{ page.brand }}"" title=""{{ page.brand }}"">{{ page.brand }}</a></li>  
         </ol>         
         <p>Clutch / Hand Bag / Dompet Wanita - RRW 006 adalah salah satu produk merek Raindoz. Produk fashion handmade asal Bandung yang nyaman digunakan dan tidak pasaran. Cocok untuk Anda agar terlihat lebih gaya, tampil berbeda dan percaya diri. Dompet Wanita ini terbuat dari bahan SINTETIS.<br/>Kode : RRW 006<br/>Warna : BIRU KOMBINASI<br/>Bahan : SINTETIS<br/>Ukuran : AS<br/>Berat : 0.4 kg<br/>Info Lainnya = 28 X 5 X 14<br/>Yuk dibeli kak sebelum kehabisan. Sebelum membeli, harap cek/konfirmasi stok dulu ya kak, karena perputaran barang sangat cepat.<br>
         </p>

         <p><b>Gambar lain :</b></p>
                    <div class=""add-image"">
                      <a href=""{{ page.image1 }}"" target=""_blank"" title=""{{ page.product }}""><img src=""{{ page.image1 }}"" alt=""{{ page.product }}"" title=""Klik untuk memperbesar"" /></a>
                      <a href=""{{ page.image2 }}"" target=""_blank"" title=""{{ page.product }}""><img src=""{{ page.image2 }}"" alt=""{{ page.product }}"" title=""Klik untuk memperbesar"" /></a>
                      <a href=""{{ page.image3 }}"" target=""_blank"" title=""{{ page.product }}""><img src=""{{ page.image3 }}"" alt=""{{ page.product }}"" title=""Klik untuk memperbesar"" /></a>
                      <a href=""{{ page.image4 }}"" target=""_blank"" title=""{{ page.product }}""><img src=""{{ page.image4 }}"" alt=""{{ page.product }}"" title=""Klik untuk memperbesar"" /></a>                                            
                    </div>
                    <br/>

         <p style=""background-color: #5cb85c; color: #ffffff; padding: 5px; text-align: center; display: inline-block; box-shadow: 0 1px 3px rgba(0,0,0,0.12), 0 1px 2px rgba(0,0,0,0.24);"">
         Gudang : WRH-1<br>
         Lokasi : Bandung</p>

         {% include share.html %}

         {% include disqus.html %}
         
        </div>
       </div>       
       
      </div>
     </div><!--/category-tab-->",2017-10-17,html,dompet-wanita,raindoz,dompet-wanita,raindoz,"Dompet Wanita Bahan SINTETIS, Ukuran AS, Warna BIRU KOMBINASI",https://images.lipatan.com/katalog-raindoz-2017-2/foto-produk-satuan/412-rrw-006.jpg,https://images.lipatan.com/katalog-raindoz-2017-2/foto-berbagai-sudut/rrw-006-a.jpg,https://images.lipatan.com/katalog-raindoz-2017-2/foto-berbagai-sudut/rrw-006-b.jpg,https://images.lipatan.com/katalog-raindoz-2017-2/foto-berbagai-sudut/rrw-006-c.jpg,https://images.lipatan.com/katalog-raindoz-2017-2/foto-berbagai-sudut/rrw-006-d.jpg,/,Clutch / Hand Bag / Dompet Wanita - RRW 006,Rp 73.400,Rp 85.900,Rp 12.500,RRW 006,Baru
Jual Clutch / Hand Bag / Dompet Wanita - RRW 008 Murah,clutch-hand-bag-dompet-wanita-rrw-008,"
     <div class=""product-details""><!--product-details-->
      <div class=""col-sm-5"">
       <div class=""view-product"">
        <img src=""{{ page.image }}"" alt=""{{ page.product }}"" title=""{{ page.product }}"" />
        <h3><a style=""text-decoration: none; color: #ffffff"" href=""{{ page.image }}"" target=""_blank"" title=""Klik disini untuk memperbesar"">ZOOM</a></h3>
       </div>
      </div>

      <div class=""col-sm-7"">
       <div class=""product-information""><!--/product-information-->
        <h1>{{ page.product }}</h1>
        <p>SKU: {{ page.sku }}</p>
        <img src=""{{ site.url }}/img/rating.png"" alt=""rating"" title=""rating"" /><br>
        <span>
         <span>{{ page.price }}</span>        
         <label>Stok:<a href=""http://stok.lipatan.com"" target=""_blank"" title=""Cek Stok"">
          <script type=""text/javascript"">
          <!--
          document.write(unescape('%3c%62%75%74%74%6f%6e%20%74%79%70%65%3d%22%62%75%74%74%6f%6e%22%20%63%6c%61%73%73%3d%22%62%74%6e%20%62%74%6e%2d%66%65%66%61%75%6c%74%20%63%61%72%74%22%3e%09%09%09%09%09%09%09%09%09%09%3c%69%20%63%6c%61%73%73%3d%22%66%61%20%66%61%2d%73%68%6f%70%70%69%6e%67%2d%63%61%72%74%22%3e%3c%2f%69%3e%09%09%09%09%09%09%09%09%09%09%43%65%6b%20%53%74%6f%6b%3c%2f%62%75%74%74%6f%6e%3e'));
          //-->
          </script>
          </a>
         </label>
        </span>
        <p><i style=""background-color: #f0ad4e; color: #ffffff; padding: 5px; margin-bottom: 3px; text-align: center; display: inline-block; box-shadow: 0 1px 3px rgba(0,0,0,0.12), 0 1px 2px rgba(0,0,0,0.24);""> Harga Beli : {{ page.price }} </i>  <i style=""background-color: #5bc0de; color: #ffffff; padding: 5px; margin-bottom: 3px; text-align: center; display: inline-block; box-shadow: 0 1px 3px rgba(0,0,0,0.12), 0 1px 2px rgba(0,0,0,0.24);""> Harga Jual : {{ page.hargajual }} </i>  <i style=""background-color: #5cb85c; color: #ffffff; padding: 5px; margin-bottom: 3px; text-align: center; display: inline-block; box-shadow: 0 1px 3px rgba(0,0,0,0.12), 0 1px 2px rgba(0,0,0,0.24);""> Keuntungan : {{ page.profit }} </i></p>        
        <p><b>Kondisi:</b> {{ page.kondisi }}</p>
        <p><b>Deskripsi:</b> {{ page.description }}</p>
        {% include buy.html %}
       </div><!--/product-information-->
      </div>
     </div><!--/product-details-->
     
     <div class=""category-tab shop-details-tab""><!--category-tab-->
      <div class=""col-sm-12"">
       <ul class=""nav nav-tabs"">
        <li class=""active""><a href=""{{ site.url }}{{ page.url }}#keterangan"" data-toggle=""tab"" title=""Keterangan"">Keterangan</a></li>        
       </ul>
      </div>
      <div class=""tab-content"">
       <div class=""tab-pane fade active in"" id=""keterangan"" >
        <div class=""col-sm-12"">
         <h2>{{ page.product }}</h2>         
         <ol class=""breadcrumb"">
            <li class=""active"">Tag :</li>
            <li><a href=""{{ site.url }}/{{ page.jenis }}"" title=""{{ page.jenis }}"">{{ page.jenis }}</a></li>
            <li><a href=""{{ site.url }}/{{ page.brand }}"" title=""{{ page.brand }}"">{{ page.brand }}</a></li>  
         </ol>         
         <p>Clutch / Hand Bag / Dompet Wanita - RRW 008 adalah salah satu produk merek Raindoz. Produk fashion handmade asal Bandung yang nyaman digunakan dan tidak pasaran. Cocok untuk Anda agar terlihat lebih gaya, tampil berbeda dan percaya diri. Dompet Wanita ini terbuat dari bahan SINTETIS.<br/>Kode : RRW 008<br/>Warna : COKLAT KOMBINASI<br/>Bahan : SINTETIS<br/>Ukuran : AS<br/>Berat : 0.4 kg<br/>Info Lainnya = 28 X 5 X 14<br/>Yuk dibeli kak sebelum kehabisan. Sebelum membeli, harap cek/konfirmasi stok dulu ya kak, karena perputaran barang sangat cepat.<br>
         </p>

         <p><b>Gambar lain :</b></p>
                    <div class=""add-image"">
                      <a href=""{{ page.image1 }}"" target=""_blank"" title=""{{ page.product }}""><img src=""{{ page.image1 }}"" alt=""{{ page.product }}"" title=""Klik untuk memperbesar"" /></a>
                      <a href=""{{ page.image2 }}"" target=""_blank"" title=""{{ page.product }}""><img src=""{{ page.image2 }}"" alt=""{{ page.product }}"" title=""Klik untuk memperbesar"" /></a>
                      <a href=""{{ page.image3 }}"" target=""_blank"" title=""{{ page.product }}""><img src=""{{ page.image3 }}"" alt=""{{ page.product }}"" title=""Klik untuk memperbesar"" /></a>
                      <a href=""{{ page.image4 }}"" target=""_blank"" title=""{{ page.product }}""><img src=""{{ page.image4 }}"" alt=""{{ page.product }}"" title=""Klik untuk memperbesar"" /></a>                                            
                    </div>
                    <br/>

         <p style=""background-color: #5cb85c; color: #ffffff; padding: 5px; text-align: center; display: inline-block; box-shadow: 0 1px 3px rgba(0,0,0,0.12), 0 1px 2px rgba(0,0,0,0.24);"">
         Gudang : WRH-1<br>
         Lokasi : Bandung</p>

         {% include share.html %}

         {% include disqus.html %}
         
        </div>
       </div>       
       
      </div>
     </div><!--/category-tab-->",2017-10-17,html,dompet-wanita,raindoz,dompet-wanita,raindoz,"Dompet Wanita Bahan SINTETIS, Ukuran AS, Warna COKLAT KOMBINASI",https://images.lipatan.com/katalog-raindoz-2017-2/foto-produk-satuan/413-rrw-008.jpg,https://images.lipatan.com/katalog-raindoz-2017-2/foto-berbagai-sudut/rrw-008-a.jpg,https://images.lipatan.com/katalog-raindoz-2017-2/foto-berbagai-sudut/rrw-008-b.jpg,https://images.lipatan.com/katalog-raindoz-2017-2/foto-berbagai-sudut/rrw-008-c.jpg,https://images.lipatan.com/katalog-raindoz-2017-2/foto-berbagai-sudut/rrw-008-d.jpg,/,Clutch / Hand Bag / Dompet Wanita - RRW 008,Rp 73.400,Rp 85.900,Rp 12.500,RRW 008,Baru
